ResponseId,Edad,AniosProgramando,País,Educación,PuestoTrabajo,TamañoEmpresa,ModoTrabajo,NivelExperiencia,LenguajePrincipal,LenguajesUtilizados,BaseDatosPrincipal,BasesDatosUtilizadas,FrameworkPrincipal,FrameworksUtilizados,HerramientasUtilizadas,SalarioAnual,SatisfacciónLaboral,HorasTrabajoSemanal,AñoEncuesta
R_1000,24,7,Reino Unido,Licenciatura en Informática,DevOps,101-500,Híbrido,15+ años,Objective-C,"R, Objective-C",Microsoft SQL Server,"Microsoft SQL Server, MySQL",Spring Boot,"NestJS, Symfony, Spring Boot, Ruby on Rails","npm, Maven, Webpack",88400.0,3,42.5,2023
R_1001,41,17,Alemania,Autodidacta,Analista de Sistemas,1-10,Híbrido,5-10 años,JavaScript,"JavaScript, C, Ruby, Python",MySQL,MySQL,jQuery,"Blazor, jQuery, Next.js, Nuxt.js","Pulumi, Vite, Maven, Git",102000.0,6,40.0,2023
R_1002,30,15,Australia,Grado en Ingeniería Informática,Administrador de BD,51-100,Híbrido,3-5 años,PowerShell,"Ruby, PowerShell, Delphi, SQL",Oracle,"DynamoDB, Oracle, Cassandra",Laravel,"Next.js, Django, Blazor, Laravel","Vite, GitHub Actions",37700.0,9,40.0,2023
R_1003,34,18,India,Grado en Ingeniería Informática,QA Engineer,1000+,Híbrido,15+ años,Objective-C,"Ruby, Objective-C",PostgreSQL,"Elasticsearch, PostgreSQL, SQLite",Angular,"Symfony, FastAPI, Angular","GitHub Actions, CMake, Chef, CircleCI",94900.0,4,40.0,2023
R_1004,56,23,Japón,Autodidacta,Científico de Datos,51-100,Remoto,1-3 años,R,"Kotlin, Objective-C, R, Delphi, Assembly",Cassandra,"Cassandra, CouchDB",Flask,"Flask, NestJS","CircleCI, Docker, CMake, Puppet, Prometheus",39900.0,5,40.0,2023
R_1005,47,4,India,Máster en Ciencias de la Computación,Analista de Sistemas,501-1000,Híbrido,10-15 años,Go,"Lua, Go",MariaDB,"MariaDB, Firebase Realtime Database",Phoenix,"Ruby on Rails, Phoenix","Bash, CircleCI, Docker, npm, Prometheus, PowerShell",44900.0,5,40.0,2023
R_1006,58,23,Brasil,Formación Profesional,Administrador de BD,501-1000,Remoto,1-3 años,Dart,"Dart, Python, JavaScript, Go, Assembly",Microsoft SQL Server,Microsoft SQL Server,Gatsby,"Gatsby, NestJS, Django","Yarn, Azure DevOps",9900.0,5,40.0,2023
R_1007,31,16,Polonia,Autodidacta,Desarrollador de Videojuegos,101-500,Remoto,3-5 años,PowerShell,"Objective-C, Assembly, Scala, PowerShell",IBM DB2,"Cassandra, IBM DB2, Elasticsearch",Svelte,"ASP.NET Core, Svelte, Phoenix","Maven, Chef, Vite, Git, Prometheus, npm",13000.0,5,37.5,2023
R_1008,27,0,Japón,Curso online,Analista de Sistemas,11-50,Presencial,5-10 años,C#,"C#, TypeScript, PHP, Rust, Lua",Supabase,"Supabase, InfluxDB",FastAPI,FastAPI,"Chef, CircleCI, Rollup, Prometheus, Kubernetes",91900.0,5,40.0,2023
R_1009,50,16,Francia,Autodidacta,Analista de Sistemas,101-500,Híbrido,3-5 años,Assembly,"TypeScript, PowerShell, Assembly",Elasticsearch,Elasticsearch,Nuxt.js,"Symfony, Nuxt.js","Webpack, Gradle",39600.0,9,55.0,2023
R_1010,18,3,Australia,Máster en Ciencias de la Computación,Desarrollador Full-stack,1000+,Remoto,15+ años,MATLAB,"R, Go, MATLAB",InfluxDB,"Oracle, InfluxDB, MySQL",Phoenix,"Django, Phoenix, ASP.NET Core, Vue.js","Yarn, Puppet, Bash, CMake, Prometheus, PowerShell",112600.0,4,40.0,2023
R_1011,47,19,Argentina,Licenciatura en Informática,Desarrollador de Videojuegos,11-50,Híbrido,3-5 años,SQL,"Swift, Bash/Shell, Python, Objective-C, SQL",Firebase Realtime Database,Firebase Realtime Database,Django,"Next.js, Django, Vue.js, Angular","Maven, Pulumi, PowerShell, Yarn, GitHub Actions, Webpack",19700.0,7,42.5,2023
R_1012,34,19,Canadá,Grado en Ingeniería Informática,CTO,11-50,Híbrido,10-15 años,C++,"Bash/Shell, C++",Redis,"Couchbase, PostgreSQL, Redis",jQuery,"jQuery, React","Prometheus, Git, Yarn",38500.0,2,40.0,2023
R_1013,49,8,Polonia,Licenciatura en Matemáticas,Analista de Sistemas,1-10,Remoto,3-5 años,Ruby,"Objective-C, Go, Swift, SQL, Ruby",IBM DB2,IBM DB2,Flask,Flask,"Vite, CircleCI, GitHub Actions, Puppet",28100.0,4,42.5,2023
R_1014,40,8,Finlandia,Bootcamp de programación,Product Manager,1000+,Remoto,1-3 años,Rust,"Delphi, Assembly, Java, Rust",Supabase,Supabase,Spring Boot,"Nuxt.js, Spring Boot, Symfony","Git, Ansible, CMake, Rollup, GitHub Actions, Webpack",-7300.0,6,40.0,2023
R_1015,55,25,México,Grado en Ingeniería Informática,UX/UI Designer,501-1000,Remoto,10-15 años,Lua,"Lua, HTML/CSS, C++",MariaDB,"MariaDB, SQLite, Cassandra",Spring Boot,"FastAPI, Blazor, Django, Spring Boot","Bash, Yarn, Git",16900.0,5,37.5,2023
R_1016,25,1,Canadá,Doctorado en Informática,Científico de Datos,501-1000,Remoto,0-1 años,Bash/Shell,"Bash/Shell, Kotlin",Cassandra,Cassandra,NestJS,NestJS,"Terraform, GitHub Actions",33700.0,7,40.0,2023
R_1017,59,23,México,Licenciatura en Informática,Desarrollador Móvil,51-100,Remoto,5-10 años,SQL,"Rust, SQL",InfluxDB,"Redis, InfluxDB, Microsoft SQL Server",NestJS,"NestJS, Nuxt.js, FastAPI","GitHub Actions, CircleCI, Webpack, Prometheus",29600.0,10,40.0,2023
R_1018,47,10,India,Curso online,UX/UI Designer,1-10,Presencial,3-5 años,C++,"Bash/Shell, C++, Dart, Python",InfluxDB,"Microsoft SQL Server, MySQL, InfluxDB",Spring Boot,"Blazor, Gatsby, Spring Boot, Laravel","Webpack, Vite, Ansible, Bash",22500.0,8,42.5,2023
R_1019,53,22,India,Licenciatura en Informática,Científico de Datos,51-100,Híbrido,1-3 años,Swift,"Delphi, Ruby, TypeScript, Objective-C, Swift",MongoDB,MongoDB,Django,Django,"Rollup, Webpack, Kubernetes, GitHub Actions",48700.0,4,40.0,2023
R_1020,22,5,Portugal,Máster en Ciencias de la Computación,Desarrollador de Videojuegos,11-50,Híbrido,1-3 años,Lua,"Lua, VBA, Bash/Shell",InfluxDB,InfluxDB,Symfony,"Laravel, Vue.js, Next.js, Symfony","npm, Docker, Gradle",35100.0,4,40.0,2023
R_1021,26,11,Estados Unidos,Licenciatura en Matemáticas,Desarrollador Full-stack,11-50,Remoto,3-5 años,C#,"Kotlin, C#, SQL",Supabase,Supabase,Django,Django,"CircleCI, Kubernetes, Puppet",75200.0,6,40.0,2023
R_1022,34,18,Alemania,Licenciatura en Informática,Ingeniero de Machine Learning,51-100,Híbrido,1-3 años,C,"Rust, Kotlin, Ruby, Bash/Shell, C",MySQL,"DynamoDB, MySQL",Next.js,"Spring Boot, NestJS, Laravel, Next.js","PowerShell, Puppet, Ansible, Git, Webpack, Pulumi",39900.0,6,45.0,2023
R_1023,20,5,Italia,Formación Profesional,Desarrollador Back-end,51-100,Remoto,5-10 años,VBA,"PHP, Bash/Shell, VBA",Cassandra,Cassandra,Svelte,"Next.js, Svelte, Gatsby, NestJS","Jenkins, Prometheus, Yarn, Git, Maven, CircleCI",84500.0,9,42.5,2023
R_1024,20,4,Argentina,Máster en Ciencias de la Computación,Desarrollador Front-end,1000+,Remoto,5-10 años,Groovy,"Groovy, Objective-C, HTML/CSS",Firebase Realtime Database,Firebase Realtime Database,Flask,"Phoenix, Django, Flask","Terraform, CMake",45100.0,3,40.0,2023
R_1025,24,9,México,Bootcamp de programación,Desarrollador Front-end,11-50,Remoto,0-1 años,JavaScript,"Kotlin, Lua, R, JavaScript",Oracle,"CouchDB, Oracle",Django,"Django, Gatsby","Vite, Kubernetes, Yarn",10900.0,7,45.0,2023
R_1026,19,4,Polonia,Grado en Ingeniería Informática,Desarrollador Móvil,501-1000,Híbrido,0-1 años,Swift,"Swift, MATLAB",Firebase Realtime Database,Firebase Realtime Database,Angular,"Flask, Angular","Yarn, Ansible",28800.0,8,45.0,2023
R_1027,18,3,Finlandia,Curso online,QA Engineer,501-1000,Remoto,0-1 años,SQL,"SQL, PHP, Groovy, MATLAB, Delphi",Cassandra,Cassandra,ASP.NET Core,"jQuery, ASP.NET Core, NestJS","Chef, Rollup, Maven, Ansible, Puppet, Azure DevOps",21600.0,6,40.0,2023
R_1028,50,23,Polonia,Licenciatura en Informática,SRE,1000+,Híbrido,3-5 años,Swift,"Assembly, PHP, Python, C, Swift",Microsoft SQL Server,Microsoft SQL Server,Gatsby,"Gatsby, ASP.NET Core, Svelte, Ruby on Rails","Pulumi, Git, Yarn, npm",46400.0,7,50.0,2023
R_1029,48,29,Francia,Grado en Ingeniería Informática,UX/UI Designer,1000+,Híbrido,5-10 años,Go,"Go, R",Neo4j,"Neo4j, Redis",Blazor,"Ruby on Rails, Spring Boot, NestJS, Blazor","Jenkins, GitHub Actions, PowerShell",97600.0,2,40.0,2023
R_1030,39,14,Australia,Licenciatura en Informática,Analista de Sistemas,501-1000,Híbrido,0-1 años,Groovy,"Rust, Groovy",Couchbase,"Couchbase, Cassandra",Blazor,"FastAPI, Blazor, Laravel, NestJS","npm, Ansible, Vite, CMake, Puppet",35700.0,1,40.0,2023
R_1031,38,4,Finlandia,Doctorado en Informática,Desarrollador Front-end,11-50,Remoto,1-3 años,C,"C, Go",CouchDB,"Oracle, CouchDB",Next.js,"Next.js, Flask, Vue.js, Laravel","Rollup, Ansible, Yarn",51300.0,4,35.0,2023
R_1032,24,9,Argentina,Bootcamp de programación,Product Manager,51-100,Híbrido,10-15 años,C++,"C++, JavaScript, Groovy, Ruby, Delphi",Supabase,Supabase,Nuxt.js,Nuxt.js,"npm, GitHub Actions, Vite",9700.0,8,40.0,2023
R_1033,38,10,Suiza,Doctorado en Informática,Administrador de BD,1-10,Remoto,5-10 años,C,"C, TypeScript",Firebase Realtime Database,Firebase Realtime Database,FastAPI,"Django, Next.js, FastAPI","Rollup, Kubernetes, Maven, Chef",97800.0,4,35.0,2023
R_1034,29,6,Estados Unidos,Autodidacta,UX/UI Designer,11-50,Híbrido,10-15 años,Python,"Python, Scala, Delphi",Supabase,Supabase,ASP.NET Core,"ASP.NET Core, Django, Svelte","Webpack, Gradle, PowerShell",27200.0,4,40.0,2023
R_1035,45,19,Australia,Máster en Ciencias de la Computación,Desarrollador Móvil,501-1000,Híbrido,0-1 años,Bash/Shell,"VBA, Bash/Shell",Couchbase,"Redis, InfluxDB, Couchbase",Ruby on Rails,"Next.js, Ruby on Rails","Puppet, npm, CMake",59600.0,7,42.5,2023
R_1036,41,26,Suecia,Grado en Ingeniería Informática,Product Manager,1000+,Híbrido,0-1 años,Assembly,"Assembly, R, HTML/CSS",Oracle,"Oracle, MariaDB",Express,"FastAPI, Blazor, Express, jQuery","Ansible, CMake, Chef, Kubernetes, Git, Vite",29700.0,3,37.5,2023
R_1037,35,11,España,Autodidacta,Desarrollador Front-end,1-10,Remoto,0-1 años,C++,"MATLAB, Groovy, C++",Elasticsearch,Elasticsearch,Svelte,"NestJS, Spring Boot, Svelte, Django","Vite, Kubernetes, Yarn, Pulumi, Bash, Terraform",23100.0,4,37.5,2023
R_1038,30,3,Japón,Licenciatura en Informática,SRE,1-10,Presencial,5-10 años,Objective-C,"Go, Objective-C, SQL",PostgreSQL,"PostgreSQL, Supabase",React,"Ruby on Rails, React","Vite, Terraform, Chef, Webpack, Puppet, Jenkins",84500.0,3,40.0,2023
R_1039,46,6,Suecia,Formación Profesional,Analista de Sistemas,1-10,Remoto,0-1 años,Scala,"C, Scala, R",SQLite,SQLite,Django,Django,"Terraform, Prometheus, Azure DevOps, Bash, Puppet, Git",23200.0,5,42.5,2023
R_1040,40,10,India,Grado en Ingeniería Informática,Desarrollador Back-end,1000+,Remoto,3-5 años,Kotlin,"Dart, Kotlin",MariaDB,"Cassandra, Firebase Realtime Database, MariaDB",React,React,"npm, Gradle, Yarn, PowerShell, Azure DevOps, Bash",36800.0,3,37.5,2023
R_1041,59,6,Suiza,Formación Profesional,Desarrollador Móvil,1000+,Presencial,1-3 años,JavaScript,"JavaScript, Lua, C++",MySQL,MySQL,Svelte,"Vue.js, Ruby on Rails, Svelte","Terraform, npm, Vite, Webpack, Prometheus",20800.0,3,40.0,2023
R_1042,27,12,Francia,Doctorado en Informática,Desarrollador Full-stack,501-1000,Presencial,1-3 años,HTML/CSS,"HTML/CSS, Go",SQLite,SQLite,Flask,"Next.js, Django, jQuery, Flask","Yarn, CircleCI, PowerShell",43600.0,3,37.5,2023
R_1043,45,20,Reino Unido,Formación Profesional,DevOps,101-500,Híbrido,1-3 años,Kotlin,"JavaScript, Kotlin, R, Objective-C, Scala",Supabase,Supabase,Spring Boot,"jQuery, Express, Ruby on Rails, Spring Boot","Pulumi, CMake, Jenkins, Vite, Bash, Terraform",51700.0,5,37.5,2023
R_1044,51,15,Japón,Doctorado en Informática,Arquitecto de Software,501-1000,Remoto,3-5 años,VBA,"Lua, C#, VBA, Dart",Supabase,"DynamoDB, Supabase",NestJS,"Django, NestJS, Ruby on Rails","Vite, Prometheus, Pulumi",60000.0,6,40.0,2023
R_1045,33,16,Italia,Curso online,Ingeniero de Machine Learning,501-1000,Remoto,0-1 años,VBA,"C++, PHP, VBA",DynamoDB,DynamoDB,Ruby on Rails,"Ruby on Rails, Svelte, Angular, Nuxt.js","npm, Yarn",29400.0,6,50.0,2023
R_1046,55,7,India,Bootcamp de programación,Product Manager,51-100,Híbrido,10-15 años,HTML/CSS,"JavaScript, PowerShell, HTML/CSS, Python",DynamoDB,"DynamoDB, Microsoft SQL Server",Angular,"Angular, ASP.NET Core, React","GitHub Actions, Pulumi, Vite, Terraform",18100.0,4,37.5,2023
R_1047,52,14,España,Grado en Ingeniería Informática,DevOps,11-50,Híbrido,1-3 años,R,"JavaScript, R",Neo4j,"Neo4j, IBM DB2, MariaDB",Ruby on Rails,"FastAPI, Ruby on Rails, Next.js, Gatsby","GitHub Actions, Vite, PowerShell, Git",33000.0,3,37.5,2023
R_1048,60,17,España,Doctorado en Informática,DevOps,501-1000,Remoto,15+ años,Java,"Java, C#, Assembly",Elasticsearch,"DynamoDB, Elasticsearch, SQLite",Vue.js,Vue.js,"Webpack, Maven, Git, Bash",38400.0,6,40.0,2023
R_1049,57,26,Francia,Curso online,Arquitecto de Software,1000+,Remoto,0-1 años,Swift,"Swift, Dart, TypeScript",Microsoft SQL Server,"Redis, Microsoft SQL Server, Supabase",NestJS,NestJS,"Git, Docker",31100.0,6,40.0,2023
R_1050,46,21,Países Bajos,Curso online,Desarrollador Front-end,1000+,Híbrido,5-10 años,Bash/Shell,"Go, Bash/Shell",Neo4j,Neo4j,FastAPI,"FastAPI, Express, React","Git, Rollup, Pulumi, Chef, Vite",95900.0,5,42.5,2023
R_1051,37,5,Polonia,Grado en Ingeniería Informática,Desarrollador Full-stack,101-500,Presencial,5-10 años,SQL,"Ruby, SQL, MATLAB",Firebase Realtime Database,"Firebase Realtime Database, PostgreSQL, Oracle",Gatsby,"FastAPI, Gatsby, Next.js","GitHub Actions, Rollup",39100.0,6,40.0,2023
R_1052,18,3,España,Licenciatura en Matemáticas,Ingeniero de Machine Learning,11-50,Remoto,3-5 años,Java,"Rust, Java",CouchDB,"SQLite, CouchDB",ASP.NET Core,"Svelte, ASP.NET Core, Flask","Gradle, Jenkins, Ansible, Azure DevOps",55900.0,5,40.0,2023
R_1053,45,5,Estados Unidos,Autodidacta,Desarrollador Front-end,1000+,Remoto,10-15 años,SQL,"SQL, Ruby, JavaScript",Elasticsearch,"Cassandra, Elasticsearch",Symfony,Symfony,"CircleCI, Pulumi, Vite, Chef",29200.0,7,37.5,2023
R_1054,36,18,Portugal,Grado en Ingeniería Informática,Desarrollador Full-stack,1000+,Remoto,3-5 años,JavaScript,"HTML/CSS, JavaScript, Python, Java, Bash/Shell",Redis,"Oracle, Redis",Spring Boot,Spring Boot,"Terraform, Vite, Yarn",40500.0,7,35.0,2023
R_1055,43,12,Alemania,Formación Profesional,Desarrollador Front-end,1-10,Presencial,1-3 años,HTML/CSS,"Bash/Shell, Kotlin, PHP, HTML/CSS",PostgreSQL,"Oracle, PostgreSQL",Ruby on Rails,"Django, Ruby on Rails","npm, Git, Jenkins",40100.0,1,40.0,2023
R_1056,36,18,Suecia,Doctorado en Informática,Desarrollador de Videojuegos,501-1000,Presencial,10-15 años,Go,"Groovy, Dart, Go, Objective-C",Cassandra,Cassandra,jQuery,"jQuery, React","Rollup, CircleCI, Kubernetes, Azure DevOps, npm, Maven",29000.0,5,40.0,2023
R_1057,62,6,Alemania,Máster en Ciencias de la Computación,DevOps,501-1000,Híbrido,5-10 años,Delphi,"Python, PowerShell, Delphi, Ruby, Scala",IBM DB2,"IBM DB2, MariaDB",ASP.NET Core,"Blazor, Express, Vue.js, ASP.NET Core","Puppet, Docker, Yarn, Gradle, Bash",78200.0,10,40.0,2023
R_1058,23,8,España,Autodidacta,Arquitecto de Software,1000+,Híbrido,3-5 años,Lua,"Lua, Groovy",MySQL,MySQL,Flask,"Spring Boot, Flask","CircleCI, Rollup, GitHub Actions, Vite, Jenkins",14800.0,8,50.0,2023
R_1059,28,6,Italia,Grado en Ingeniería Informática,Product Manager,101-500,Remoto,5-10 años,MATLAB,"Rust, MATLAB, Dart",Firebase Realtime Database,Firebase Realtime Database,Express,"Angular, Phoenix, Express","Docker, Prometheus, Yarn, CMake",55200.0,6,40.0,2023
R_1060,18,3,Portugal,Doctorado en Informática,Product Manager,1-10,Híbrido,10-15 años,SQL,"Python, MATLAB, SQL, VBA, Lua",Oracle,"Oracle, InfluxDB",Spring Boot,"Spring Boot, Angular","Ansible, Azure DevOps, PowerShell",17200.0,6,40.0,2023
R_1061,53,3,Francia,Doctorado en Informática,Administrador de BD,101-500,Remoto,1-3 años,Groovy,"Python, Ruby, Groovy",InfluxDB,InfluxDB,Ruby on Rails,Ruby on Rails,"Docker, npm, Vite",37300.0,5,42.5,2023
R_1062,21,6,Suecia,Grado en Ingeniería Informática,Desarrollador Móvil,51-100,Remoto,3-5 años,Ruby,"Ruby, C#, Bash/Shell, HTML/CSS, Swift",MongoDB,"MongoDB, Cassandra",Laravel,Laravel,"Bash, GitHub Actions, Webpack, Yarn, Prometheus",20500.0,5,40.0,2023
R_1063,59,29,Países Bajos,Licenciatura en Informática,QA Engineer,51-100,Híbrido,3-5 años,Kotlin,"MATLAB, Kotlin, PHP",Elasticsearch,"Supabase, Elasticsearch",jQuery,"Nuxt.js, jQuery, ASP.NET Core","Git, Gradle, Pulumi, Terraform, Jenkins",62900.0,4,42.5,2023
R_1064,31,5,Suecia,Bootcamp de programación,Product Manager,1-10,Híbrido,3-5 años,Assembly,"JavaScript, Assembly",InfluxDB,"DynamoDB, MariaDB, InfluxDB",Svelte,"FastAPI, NestJS, Svelte","Puppet, Git, GitHub Actions, Gradle, Maven",33800.0,6,40.0,2023
R_1065,56,17,Canadá,Formación Profesional,Desarrollador Back-end,11-50,Remoto,10-15 años,HTML/CSS,"Swift, Go, HTML/CSS",MariaDB,MariaDB,Express,"Express, Nuxt.js, Flask","GitHub Actions, Azure DevOps, Webpack",51600.0,8,40.0,2023
R_1066,50,9,Argentina,Autodidacta,DevOps,101-500,Remoto,3-5 años,Bash/Shell,"Assembly, Bash/Shell, PHP",SQLite,SQLite,Gatsby,"Flask, Gatsby, Symfony, Blazor","Ansible, npm, Vite, Docker",4500.0,4,50.0,2023
R_1067,25,10,Reino Unido,Autodidacta,QA Engineer,1-10,Híbrido,1-3 años,C++,"HTML/CSS, PowerShell, C++",Supabase,"Supabase, Couchbase, DynamoDB",FastAPI,"FastAPI, Next.js, Symfony, Nuxt.js","GitHub Actions, Yarn, CircleCI, Docker",91300.0,3,40.0,2023
R_1068,23,8,México,Doctorado en Informática,SRE,1000+,Remoto,5-10 años,Groovy,"R, Groovy, Java",Oracle,Oracle,Django,"Django, Angular, Vue.js","PowerShell, Chef, npm, Azure DevOps, Yarn, Puppet",50000.0,8,45.0,2023
R_1069,53,27,Países Bajos,Curso online,Desarrollador Back-end,11-50,Remoto,5-10 años,Ruby,"Ruby, Delphi, Swift",Couchbase,"Couchbase, IBM DB2, MySQL",ASP.NET Core,"Phoenix, ASP.NET Core, React, Angular","Chef, Yarn, npm",62700.0,3,45.0,2023
R_1070,36,19,Francia,Bootcamp de programación,Analista de Sistemas,501-1000,Híbrido,3-5 años,C++,"SQL, C++, Groovy, PowerShell, TypeScript",IBM DB2,"IBM DB2, MySQL",Laravel,Laravel,"CircleCI, Maven, Rollup, Pulumi",43200.0,3,40.0,2023
R_1071,23,8,Japón,Curso online,Ingeniero de Machine Learning,501-1000,Híbrido,3-5 años,Python,"Python, Rust",DynamoDB,"DynamoDB, PostgreSQL",Vue.js,"Ruby on Rails, Vue.js","Yarn, Gradle, Git, Chef, PowerShell, Vite",33900.0,6,40.0,2023
R_1072,42,23,Suecia,Autodidacta,Desarrollador Full-stack,101-500,Presencial,3-5 años,Lua,"VBA, C#, Lua",Cassandra,Cassandra,Gatsby,"Gatsby, Next.js","Chef, Pulumi, Bash",53700.0,6,40.0,2023
R_1073,28,13,Alemania,Licenciatura en Matemáticas,Administrador de BD,1-10,Presencial,15+ años,R,"PowerShell, Groovy, R, VBA, Delphi",Redis,Redis,Symfony,Symfony,"Rollup, Kubernetes",122600.0,4,55.0,2023
R_1074,45,19,Suiza,Doctorado en Informática,QA Engineer,51-100,Híbrido,1-3 años,Swift,"Swift, SQL",MySQL,"Firebase Realtime Database, MySQL",NestJS,"NestJS, FastAPI","Bash, Ansible, Git, Gradle, Kubernetes, Rollup",52300.0,5,40.0,2023
R_1075,21,1,India,Autodidacta,Desarrollador Front-end,1-10,Presencial,10-15 años,Lua,"Lua, Dart, Groovy, PHP",CouchDB,"CouchDB, Neo4j",Svelte,"Spring Boot, Svelte","CMake, Ansible, npm, PowerShell",14400.0,5,40.0,2023
R_1076,38,21,Japón,Máster en Ciencias de la Computación,Arquitecto de Software,1-10,Remoto,1-3 años,HTML/CSS,"HTML/CSS, Groovy, C, SQL",Oracle,"Couchbase, Oracle",React,"React, Spring Boot","Docker, Pulumi, Prometheus, Chef",48200.0,4,45.0,2023
R_1077,44,13,Polonia,Máster en Ciencias de la Computación,CTO,51-100,Remoto,10-15 años,Dart,"VBA, Dart, R, Assembly",Elasticsearch,Elasticsearch,Flask,"Blazor, Flask","Vite, Git, CircleCI",22200.0,2,37.5,2023
R_1078,18,3,Reino Unido,Bootcamp de programación,Científico de Datos,101-500,Remoto,0-1 años,Assembly,"Scala, Assembly, C, Java, Delphi",Neo4j,Neo4j,ASP.NET Core,ASP.NET Core,"Vite, CMake, Azure DevOps, PowerShell",40800.0,4,37.5,2023
R_1079,61,4,Estados Unidos,Máster en Ciencias de la Computación,QA Engineer,501-1000,Híbrido,5-10 años,Dart,"Objective-C, Dart",Cassandra,"Microsoft SQL Server, Cassandra",Spring Boot,"Ruby on Rails, Nuxt.js, Spring Boot","Bash, Rollup",86200.0,4,40.0,2023
R_1080,41,10,Suiza,Bootcamp de programación,Product Manager,11-50,Remoto,3-5 años,Kotlin,"Kotlin, SQL, PowerShell",SQLite,SQLite,Gatsby,"Ruby on Rails, Gatsby","Yarn, PowerShell, Azure DevOps, CircleCI, Webpack",70300.0,7,37.5,2023
R_1081,62,18,Estados Unidos,Doctorado en Informática,Desarrollador Front-end,11-50,Remoto,5-10 años,JavaScript,"JavaScript, Rust, Kotlin, Swift",Redis,"Redis, Cassandra",Django,Django,"CMake, GitHub Actions, Chef, Yarn",149300.0,7,50.0,2023
R_1082,52,14,Portugal,Bootcamp de programación,DevOps,1000+,Híbrido,3-5 años,R,"R, Java, Go",IBM DB2,"IBM DB2, Neo4j",Phoenix,"Angular, Phoenix, Gatsby","Rollup, Terraform",33400.0,3,40.0,2023
R_1083,21,0,España,Doctorado en Informática,Product Manager,501-1000,Remoto,1-3 años,Delphi,"MATLAB, Groovy, Delphi, Go",Microsoft SQL Server,"Microsoft SQL Server, Firebase Realtime Database",ASP.NET Core,"Blazor, ASP.NET Core, Nuxt.js","Bash, GitHub Actions, Ansible, Rollup, Vite",30400.0,8,55.0,2023
R_1084,60,20,México,Formación Profesional,Product Manager,101-500,Remoto,10-15 años,Kotlin,"C#, HTML/CSS, Kotlin",MariaDB,"MySQL, MariaDB, Firebase Realtime Database",Laravel,"Spring Boot, Laravel, Vue.js","Gradle, npm, CMake, Yarn, Terraform, Kubernetes",2100.0,7,37.5,2023
R_1085,55,14,Estados Unidos,Curso online,Desarrollador Front-end,101-500,Remoto,0-1 años,Delphi,"Rust, Delphi",CouchDB,"Elasticsearch, CouchDB",Phoenix,Phoenix,"CircleCI, Jenkins, Prometheus, Azure DevOps, PowerShell",34100.0,6,50.0,2023
R_1086,20,5,Polonia,Grado en Ingeniería Informática,Desarrollador Front-end,501-1000,Remoto,5-10 años,C#,"Objective-C, C#",CouchDB,"CouchDB, IBM DB2, InfluxDB",Blazor,"Blazor, Vue.js, Nuxt.js","Puppet, Webpack, Maven, Rollup, Git, Prometheus",69900.0,5,35.0,2023
R_1087,44,11,México,Autodidacta,Administrador de BD,51-100,Híbrido,0-1 años,PHP,"PHP, C#, Python, Lua",CouchDB,"Neo4j, CouchDB, Microsoft SQL Server",Vue.js,"Blazor, Nuxt.js, Vue.js","Maven, Terraform, Yarn, npm, Kubernetes",20200.0,5,37.5,2023
R_1088,42,18,Francia,Doctorado en Informática,Científico de Datos,101-500,Remoto,1-3 años,Scala,"TypeScript, Scala, VBA",Microsoft SQL Server,Microsoft SQL Server,Vue.js,Vue.js,"Ansible, GitHub Actions, Puppet, Kubernetes, Gradle",50000.0,7,55.0,2023
R_1089,60,19,Portugal,Doctorado en Informática,Analista de Sistemas,501-1000,Presencial,3-5 años,Bash/Shell,"C, R, Assembly, PowerShell, Bash/Shell",Cassandra,"Cassandra, Supabase",Blazor,"FastAPI, Next.js, jQuery, Blazor","Azure DevOps, GitHub Actions",13900.0,4,50.0,2023
R_1090,32,16,Finlandia,Licenciatura en Matemáticas,Desarrollador Full-stack,11-50,Presencial,15+ años,MATLAB,"HTML/CSS, Java, PHP, MATLAB, C",CouchDB,CouchDB,Svelte,Svelte,"Vite, GitHub Actions, npm, CMake, Git",65200.0,7,35.0,2023
R_1091,26,11,Argentina,Curso online,QA Engineer,51-100,Presencial,1-3 años,Delphi,"Bash/Shell, R, MATLAB, VBA, Delphi",MongoDB,"MongoDB, Firebase Realtime Database",Angular,"Angular, Django","PowerShell, Docker, Bash, Rollup, Prometheus",6000.0,5,50.0,2023
R_1092,49,1,Finlandia,Licenciatura en Informática,Desarrollador Front-end,51-100,Remoto,5-10 años,Scala,"Scala, Groovy, Assembly",Couchbase,Couchbase,ASP.NET Core,"Gatsby, ASP.NET Core, Flask, React","Maven, Rollup, Puppet, Bash",68400.0,7,50.0,2023
R_1093,43,3,Japón,Máster en Ciencias de la Computación,Administrador de BD,51-100,Híbrido,0-1 años,PowerShell,"Kotlin, PowerShell",SQLite,"SQLite, Cassandra",Svelte,Svelte,"CircleCI, Bash, Maven",20000.0,3,45.0,2023
R_1094,62,27,Suecia,Bootcamp de programación,UX/UI Designer,11-50,Remoto,5-10 años,Java,"C, Java, Delphi",DynamoDB,DynamoDB,Phoenix,"jQuery, Phoenix","Gradle, Yarn, Vite",93900.0,4,35.0,2023
R_1095,18,3,España,Licenciatura en Matemáticas,Analista de Sistemas,1000+,Remoto,5-10 años,C,"Rust, Lua, C, JavaScript, Objective-C",Microsoft SQL Server,"SQLite, CouchDB, Microsoft SQL Server",Angular,Angular,"npm, Vite, Docker",85900.0,4,45.0,2023
R_1096,62,29,Alemania,Grado en Ingeniería Informática,Desarrollador Móvil,51-100,Remoto,3-5 años,Objective-C,"Dart, PHP, Objective-C, C, Groovy",SQLite,"Oracle, SQLite, Supabase",jQuery,"Vue.js, jQuery, Express","Chef, Bash, Maven, Webpack, Yarn, npm",20700.0,9,40.0,2023
R_1097,37,8,Suiza,Curso online,Product Manager,51-100,Híbrido,5-10 años,Scala,"Scala, Python, MATLAB",MySQL,MySQL,Flask,Flask,"Azure DevOps, Rollup",152400.0,3,37.5,2023
R_1098,58,21,México,Curso online,SRE,1-10,Remoto,5-10 años,Objective-C,"Ruby, Objective-C, C++, Go, C",PostgreSQL,PostgreSQL,Laravel,"React, Laravel, Nuxt.js, Angular","Gradle, CircleCI, Puppet, Git, Kubernetes, Bash",63300.0,5,40.0,2023
R_1099,51,4,España,Autodidacta,Arquitecto de Software,51-100,Remoto,3-5 años,HTML/CSS,"Kotlin, HTML/CSS, Python",Microsoft SQL Server,Microsoft SQL Server,jQuery,"Vue.js, jQuery","npm, Pulumi",6800.0,4,40.0,2023
R_1100,63,24,Países Bajos,Máster en Ciencias de la Computación,SRE,51-100,Remoto,0-1 años,Dart,"C, Dart, JavaScript",Supabase,"Cassandra, Supabase, SQLite",Symfony,"Symfony, NestJS, Flask","Docker, Ansible, Gradle, Maven, GitHub Actions",11100.0,5,37.5,2023
R_1101,45,9,Brasil,Licenciatura en Informática,Desarrollador Full-stack,51-100,Remoto,5-10 años,C#,"MATLAB, JavaScript, C#",Redis,"Redis, IBM DB2",Blazor,"Next.js, Blazor, Nuxt.js","PowerShell, Yarn, Azure DevOps, Terraform, Ansible, npm",23500.0,6,40.0,2023
R_1102,30,0,Portugal,Bootcamp de programación,QA Engineer,51-100,Híbrido,15+ años,Objective-C,"Bash/Shell, Objective-C, R",MongoDB,"Couchbase, MongoDB",ASP.NET Core,ASP.NET Core,"Ansible, Maven, GitHub Actions, Rollup, PowerShell, Docker",61900.0,4,40.0,2023
R_1103,41,3,Suiza,Autodidacta,QA Engineer,101-500,Remoto,0-1 años,R,"R, Go",Redis,Redis,Symfony,"Symfony, Gatsby","Puppet, Azure DevOps, Maven, Webpack, Pulumi",56100.0,4,40.0,2023
R_1104,18,3,Brasil,Formación Profesional,Desarrollador Móvil,101-500,Remoto,5-10 años,Assembly,"PowerShell, Python, SQL, Assembly",Microsoft SQL Server,"Firebase Realtime Database, Microsoft SQL Server",Vue.js,"Phoenix, Flask, Vue.js","npm, Prometheus, Git, Vite",58900.0,2,35.0,2023
R_1105,57,12,Estados Unidos,Licenciatura en Informática,Desarrollador Full-stack,101-500,Híbrido,0-1 años,TypeScript,"SQL, TypeScript",Elasticsearch,Elasticsearch,NestJS,"ASP.NET Core, NestJS, FastAPI, Gatsby","CMake, Webpack",12100.0,4,37.5,2023
R_1106,59,19,Reino Unido,Formación Profesional,Desarrollador de Videojuegos,51-100,Híbrido,5-10 años,Python,"Python, Ruby, Delphi",MariaDB,MariaDB,FastAPI,"FastAPI, NestJS","CMake, Webpack, Git, CircleCI, Kubernetes",87600.0,10,37.5,2023
R_1107,40,2,Suecia,Doctorado en Informática,Arquitecto de Software,101-500,Remoto,15+ años,PHP,"PHP, Objective-C, SQL, Ruby",Oracle,"Supabase, MySQL, Oracle",Phoenix,"Spring Boot, Vue.js, Phoenix","Jenkins, CMake, PowerShell, Prometheus",21100.0,8,40.0,2023
R_1108,47,15,Finlandia,Doctorado en Informática,DevOps,11-50,Híbrido,5-10 años,Python,"Python, SQL",Firebase Realtime Database,Firebase Realtime Database,Express,"Flask, Express","Kubernetes, Azure DevOps, npm",128400.0,4,37.5,2023
R_1109,22,7,Argentina,Grado en Ingeniería Informática,Ingeniero de Machine Learning,51-100,Remoto,1-3 años,Delphi,"Scala, PHP, Delphi, Python",Elasticsearch,Elasticsearch,Blazor,"NestJS, React, Blazor","Gradle, Ansible, Azure DevOps, Prometheus, Terraform, CircleCI",15500.0,6,40.0,2023
R_1110,50,18,España,Grado en Ingeniería Informática,Desarrollador Front-end,1-10,Remoto,1-3 años,PowerShell,"Java, SQL, VBA, PowerShell",Firebase Realtime Database,Firebase Realtime Database,Ruby on Rails,"Express, Ruby on Rails","Webpack, Docker, Maven, Pulumi, Ansible, Gradle",16800.0,5,37.5,2023
R_1111,34,10,Reino Unido,Curso online,CTO,1-10,Remoto,5-10 años,Go,"Assembly, Go",Firebase Realtime Database,"DynamoDB, Firebase Realtime Database",Django,"Spring Boot, Django","Docker, CMake, Gradle",85900.0,3,35.0,2023
R_1112,21,6,Argentina,Curso online,Arquitecto de Software,11-50,Presencial,1-3 años,Kotlin,"Lua, JavaScript, Kotlin, Objective-C, Delphi",MariaDB,"MariaDB, Supabase, PostgreSQL",FastAPI,"FastAPI, ASP.NET Core, Vue.js, Phoenix","Maven, Chef",19200.0,5,40.0,2023
R_1113,27,12,Canadá,Grado en Ingeniería Informática,Desarrollador Front-end,1-10,Híbrido,0-1 años,HTML/CSS,"VBA, Kotlin, HTML/CSS",Firebase Realtime Database,"Cassandra, Firebase Realtime Database, Neo4j",Angular,"Angular, NestJS, Django","CMake, Terraform",36400.0,5,42.5,2023
R_1114,41,26,México,Licenciatura en Informática,Desarrollador Front-end,51-100,Híbrido,5-10 años,VBA,"C++, Bash/Shell, Python, Scala, VBA",CouchDB,CouchDB,Phoenix,"Express, Nuxt.js, Phoenix, Ruby on Rails","Gradle, Yarn, Git, Azure DevOps, Bash, Chef",45500.0,1,40.0,2023
R_1115,38,5,Estados Unidos,Doctorado en Informática,Arquitecto de Software,101-500,Remoto,5-10 años,PowerShell,"PowerShell, Go, Dart, TypeScript",Cassandra,"Couchbase, Cassandra",Angular,Angular,"npm, GitHub Actions, Chef, PowerShell",93100.0,4,37.5,2023
R_1116,27,12,Alemania,Licenciatura en Matemáticas,Desarrollador Back-end,1000+,Híbrido,3-5 años,Scala,"Scala, Swift, C, Bash/Shell",SQLite,"InfluxDB, SQLite",Next.js,"Blazor, Next.js, Gatsby","Docker, GitHub Actions",87400.0,9,45.0,2023
R_1117,36,3,Estados Unidos,Doctorado en Informática,Administrador de BD,501-1000,Híbrido,5-10 años,Go,"Lua, Kotlin, Go, Objective-C, PHP",IBM DB2,IBM DB2,Flask,Flask,"Git, Vite, Chef, Ansible, Docker, Pulumi",174400.0,3,40.0,2023
R_1118,58,2,Canadá,Formación Profesional,Product Manager,11-50,Presencial,15+ años,Objective-C,"Scala, Objective-C",Supabase,"Supabase, Oracle",Blazor,"Next.js, Nuxt.js, Blazor, Express","Terraform, Maven, Git, Rollup, Jenkins, GitHub Actions",212000.0,3,45.0,2023
R_1119,37,22,Suiza,Formación Profesional,DevOps,501-1000,Presencial,3-5 años,Java,"C, MATLAB, Java, Bash/Shell",CouchDB,CouchDB,Angular,"Angular, NestJS, React","Jenkins, Azure DevOps, Docker, Puppet, Yarn, Webpack",69900.0,3,40.0,2023
R_1120,59,2,Suecia,Bootcamp de programación,Ingeniero de Machine Learning,1-10,Híbrido,0-1 años,Lua,"Dart, Lua, C#",Microsoft SQL Server,"MySQL, Microsoft SQL Server",Gatsby,"Angular, ASP.NET Core, Gatsby, Svelte","Terraform, Pulumi, Prometheus, Puppet",19300.0,4,40.0,2023
R_1121,56,14,Suiza,Grado en Ingeniería Informática,Ingeniero de Machine Learning,1000+,Híbrido,3-5 años,Java,"Java, C#, Assembly",InfluxDB,"Elasticsearch, InfluxDB",FastAPI,FastAPI,"Docker, CMake, Vite",13000.0,3,45.0,2023
R_1122,41,3,Japón,Curso online,QA Engineer,501-1000,Híbrido,3-5 años,C++,"Java, C++, Bash/Shell, Go",MariaDB,MariaDB,Flask,"Symfony, Flask, Blazor, Gatsby","npm, Git, Puppet",50200.0,5,45.0,2023
R_1123,28,13,Países Bajos,Curso online,QA Engineer,11-50,Presencial,3-5 años,TypeScript,"VBA, PowerShell, SQL, TypeScript, Objective-C",InfluxDB,InfluxDB,Laravel,"Spring Boot, Laravel, Express, FastAPI","Pulumi, npm",80300.0,3,35.0,2023
R_1124,49,0,Australia,Grado en Ingeniería Informática,QA Engineer,1000+,Híbrido,3-5 años,Rust,"Rust, Assembly, PHP, VBA",PostgreSQL,"Couchbase, DynamoDB, PostgreSQL",Laravel,"Laravel, FastAPI, NestJS, React","Chef, PowerShell, Puppet",126400.0,7,40.0,2023
R_1125,50,12,India,Máster en Ciencias de la Computación,Arquitecto de Software,51-100,Híbrido,3-5 años,MATLAB,"Ruby, Rust, MATLAB",Microsoft SQL Server,Microsoft SQL Server,Ruby on Rails,"Ruby on Rails, Spring Boot, jQuery","Git, Vite, Prometheus, Jenkins, GitHub Actions",37800.0,6,50.0,2023
R_1126,38,16,Suecia,Licenciatura en Matemáticas,Desarrollador Front-end,51-100,Presencial,10-15 años,Delphi,"Python, Delphi, Groovy",InfluxDB,"PostgreSQL, InfluxDB, Cassandra",jQuery,"Flask, jQuery","Ansible, PowerShell",39300.0,5,37.5,2023
R_1127,47,12,Portugal,Autodidacta,Arquitecto de Software,11-50,Remoto,5-10 años,Dart,"Ruby, Rust, Bash/Shell, Python, Dart",Firebase Realtime Database,"Redis, Firebase Realtime Database, MariaDB",Express,"jQuery, Express","Vite, Chef, Prometheus, Maven, Docker, Pulumi",20800.0,3,40.0,2023
R_1128,50,27,Japón,Licenciatura en Matemáticas,Desarrollador de Videojuegos,11-50,Remoto,5-10 años,Dart,"Rust, Dart, Objective-C",Supabase,Supabase,Next.js,"Next.js, Nuxt.js, Angular","Bash, Webpack, Vite, GitHub Actions, Docker",152500.0,7,40.0,2023
R_1129,37,5,Australia,Grado en Ingeniería Informática,Científico de Datos,1000+,Híbrido,1-3 años,TypeScript,"C++, TypeScript, Kotlin, SQL",CouchDB,"MySQL, Elasticsearch, CouchDB",Ruby on Rails,Ruby on Rails,"Azure DevOps, Puppet",69300.0,6,37.5,2023
R_1130,39,12,España,Curso online,Desarrollador Full-stack,1000+,Remoto,0-1 años,Scala,"SQL, Scala, VBA, Delphi",IBM DB2,IBM DB2,Vue.js,"Vue.js, Spring Boot, Next.js","PowerShell, Yarn, Kubernetes",22900.0,4,35.0,2023
R_1131,57,15,Japón,Formación Profesional,Arquitecto de Software,501-1000,Remoto,0-1 años,Dart,"Dart, Delphi, MATLAB",PostgreSQL,"DynamoDB, MySQL, PostgreSQL",Angular,Angular,"Docker, Ansible, Webpack, Yarn, Maven",18100.0,4,42.5,2023
R_1132,30,3,Italia,Máster en Ciencias de la Computación,SRE,101-500,Híbrido,5-10 años,Kotlin,"Kotlin, JavaScript",InfluxDB,"DynamoDB, InfluxDB, PostgreSQL",React,"React, Express, Gatsby, Svelte","CMake, Azure DevOps, Terraform",29400.0,7,42.5,2023
R_1133,21,1,Canadá,Autodidacta,QA Engineer,11-50,Presencial,0-1 años,Python,"Ruby, Python",MongoDB,"MongoDB, Oracle, Cassandra",Angular,"Symfony, Angular, Laravel","Chef, PowerShell, CircleCI",15000.0,7,40.0,2023
R_1134,27,10,India,Licenciatura en Matemáticas,Desarrollador Front-end,101-500,Remoto,3-5 años,MATLAB,"MATLAB, PHP, Rust, Swift, R",PostgreSQL,"PostgreSQL, Microsoft SQL Server",Blazor,"Blazor, Gatsby, jQuery, Flask","PowerShell, Puppet, Gradle, Ansible, Pulumi",55900.0,2,35.0,2023
R_1135,62,18,Colombia,Bootcamp de programación,Desarrollador de Videojuegos,101-500,Híbrido,1-3 años,R,"MATLAB, TypeScript, R, Python, Swift",MongoDB,"InfluxDB, MongoDB, DynamoDB",Django,"Django, Flask","Puppet, CircleCI, Bash, Terraform, Webpack",11700.0,3,42.5,2023
R_1136,18,3,Italia,Curso online,Desarrollador Back-end,501-1000,Presencial,1-3 años,MATLAB,"MATLAB, Delphi, HTML/CSS, Scala",Elasticsearch,Elasticsearch,Flask,Flask,"Ansible, npm, Jenkins",40000.0,6,45.0,2023
R_1137,39,7,Reino Unido,Licenciatura en Informática,Product Manager,1-10,Híbrido,1-3 años,Lua,"Lua, Scala",PostgreSQL,"SQLite, Couchbase, PostgreSQL",Laravel,"Vue.js, Laravel","GitHub Actions, Maven, CircleCI",65300.0,2,50.0,2023
R_1138,36,16,Australia,Licenciatura en Matemáticas,Científico de Datos,1000+,Presencial,3-5 años,Delphi,"R, Delphi, VBA",SQLite,SQLite,Symfony,"ASP.NET Core, Spring Boot, Symfony, jQuery","Webpack, Yarn, Gradle, GitHub Actions, Rollup",56100.0,8,45.0,2023
R_1139,49,20,Portugal,Bootcamp de programación,Desarrollador Back-end,11-50,Híbrido,1-3 años,Delphi,"C#, TypeScript, Bash/Shell, Delphi",Redis,"SQLite, DynamoDB, Redis",Symfony,"Angular, Symfony, Vue.js, React","GitHub Actions, Vite",57100.0,4,42.5,2023
R_1140,38,23,Alemania,Máster en Ciencias de la Computación,Desarrollador Back-end,1000+,Remoto,3-5 años,Python,"C#, Python, Scala",Oracle,Oracle,Flask,"Flask, jQuery","Puppet, Docker",91700.0,3,50.0,2023
R_1141,25,3,Estados Unidos,Grado en Ingeniería Informática,Científico de Datos,1-10,Remoto,1-3 años,HTML/CSS,"HTML/CSS, Swift, Bash/Shell, SQL",MariaDB,MariaDB,React,"React, Django","PowerShell, Chef, Azure DevOps, Pulumi",45300.0,8,37.5,2023
R_1142,29,1,Suecia,Licenciatura en Matemáticas,SRE,501-1000,Remoto,5-10 años,VBA,"VBA, Groovy",Couchbase,"IBM DB2, Couchbase, SQLite",Laravel,"FastAPI, Angular, Laravel, Flask","Vite, CMake, Webpack",164500.0,7,55.0,2023
R_1143,50,0,Reino Unido,Bootcamp de programación,Desarrollador de Videojuegos,11-50,Remoto,5-10 años,Lua,"Groovy, Scala, Dart, Lua, Assembly",MongoDB,"SQLite, MongoDB",Next.js,"Gatsby, Next.js, Symfony","Puppet, Chef, Kubernetes, Prometheus, npm",136100.0,3,50.0,2023
R_1144,39,24,Suiza,Curso online,Ingeniero de Machine Learning,1000+,Híbrido,3-5 años,Groovy,"Groovy, Assembly, HTML/CSS, Delphi, PHP",MariaDB,MariaDB,Express,"FastAPI, Express","Docker, Puppet",59100.0,7,40.0,2023
R_1145,49,24,Francia,Formación Profesional,Científico de Datos,1-10,Híbrido,1-3 años,R,"R, PowerShell, VBA, Java",Microsoft SQL Server,Microsoft SQL Server,Blazor,"Express, jQuery, FastAPI, Blazor","Ansible, Yarn, GitHub Actions, CMake, Pulumi",35400.0,6,37.5,2023
R_1146,21,2,Brasil,Autodidacta,Desarrollador Full-stack,1-10,Remoto,10-15 años,TypeScript,"Delphi, MATLAB, R, Swift, TypeScript",Neo4j,Neo4j,NestJS,"Blazor, Vue.js, NestJS","Kubernetes, Jenkins",12800.0,3,40.0,2023
R_1147,38,8,India,Formación Profesional,Científico de Datos,51-100,Remoto,5-10 años,Assembly,"VBA, Lua, Assembly, TypeScript",MongoDB,MongoDB,FastAPI,"FastAPI, jQuery, Svelte","Gradle, CMake, Pulumi",53600.0,3,40.0,2023
R_1148,46,12,Colombia,Doctorado en Informática,Administrador de BD,101-500,Remoto,3-5 años,Groovy,"Groovy, Python, Dart, PowerShell, C",PostgreSQL,"PostgreSQL, Neo4j, InfluxDB",Nuxt.js,"Svelte, Nuxt.js, Laravel, jQuery","Chef, npm, Git, Pulumi, Rollup",26700.0,2,40.0,2023
R_1149,32,0,Italia,Curso online,Desarrollador de Videojuegos,501-1000,Híbrido,3-5 años,Scala,"C#, Scala, Swift, PowerShell",DynamoDB,DynamoDB,Next.js,"Next.js, Django, jQuery","GitHub Actions, CMake, Kubernetes, Azure DevOps, Pulumi",55000.0,9,40.0,2023
R_1150,18,3,Brasil,Licenciatura en Informática,Desarrollador de Videojuegos,101-500,Remoto,0-1 años,VBA,"MATLAB, VBA",InfluxDB,"InfluxDB, MongoDB, MariaDB",Flask,"Next.js, Express, Flask, Laravel","CircleCI, Yarn, Jenkins, CMake, Git, Bash",5400.0,7,37.5,2023
R_1151,28,12,Italia,Máster en Ciencias de la Computación,CTO,101-500,Híbrido,15+ años,PowerShell,"JavaScript, PowerShell",CouchDB,CouchDB,Svelte,"NestJS, Svelte, jQuery","Vite, CMake, Rollup, Prometheus, Jenkins, Maven",81500.0,8,37.5,2023
R_1152,56,10,Argentina,Licenciatura en Informática,Desarrollador Full-stack,1-10,Presencial,3-5 años,C,"Rust, Kotlin, C, Dart, Groovy",Elasticsearch,"DynamoDB, Elasticsearch",Django,"Django, React, Angular, Svelte","CircleCI, Puppet, CMake",22800.0,5,37.5,2023
R_1153,53,10,México,Máster en Ciencias de la Computación,DevOps,501-1000,Remoto,1-3 años,Scala,"Scala, Go, PowerShell",Cassandra,Cassandra,Next.js,"Next.js, Phoenix","PowerShell, Chef, Terraform, Vite, Gradle",29300.0,6,40.0,2023
R_1154,41,12,Canadá,Curso online,Desarrollador Full-stack,51-100,Híbrido,0-1 años,Lua,"Kotlin, PHP, C#, Lua",Redis,"Redis, DynamoDB, MariaDB",React,React,"GitHub Actions, Jenkins, Git, Gradle, Azure DevOps",44100.0,8,40.0,2023
R_1155,22,1,Reino Unido,Grado en Ingeniería Informática,Desarrollador de Videojuegos,501-1000,Remoto,1-3 años,Python,"C#, Python",Elasticsearch,"Couchbase, Elasticsearch",Angular,Angular,"Webpack, CMake, Azure DevOps, CircleCI, Jenkins, Puppet",44300.0,2,40.0,2023
R_1156,48,12,México,Doctorado en Informática,Desarrollador Front-end,51-100,Híbrido,1-3 años,Python,"MATLAB, Rust, Python",Supabase,Supabase,Flask,"Angular, Spring Boot, Next.js, Flask","Webpack, Kubernetes",17300.0,9,40.0,2023
R_1157,31,16,Polonia,Licenciatura en Informática,Ingeniero de Machine Learning,501-1000,Híbrido,3-5 años,Scala,"Lua, TypeScript, Scala, VBA",DynamoDB,"Firebase Realtime Database, DynamoDB, Redis",Symfony,"FastAPI, Symfony, Phoenix","Prometheus, PowerShell",16700.0,4,35.0,2023
R_1158,43,8,Reino Unido,Doctorado en Informática,UX/UI Designer,1000+,Híbrido,0-1 años,SQL,"SQL, Delphi, Swift",Firebase Realtime Database,"DynamoDB, Neo4j, Firebase Realtime Database",FastAPI,"jQuery, FastAPI, Symfony","Pulumi, Rollup, CircleCI, Bash",29700.0,6,35.0,2023
R_1159,24,9,Polonia,Grado en Ingeniería Informática,Administrador de BD,1-10,Presencial,1-3 años,C#,"C#, Java, Swift",Firebase Realtime Database,Firebase Realtime Database,Next.js,"Ruby on Rails, Next.js, Angular","Docker, Gradle, Rollup, CMake, Puppet, Prometheus",53100.0,3,40.0,2023
R_1160,62,2,Japón,Autodidacta,Desarrollador Front-end,101-500,Híbrido,1-3 años,PHP,"PHP, Go",Redis,Redis,Gatsby,"Blazor, Gatsby, Ruby on Rails","Docker, Gradle, CircleCI",60900.0,7,45.0,2023
R_1161,41,1,Reino Unido,Formación Profesional,Product Manager,1-10,Presencial,1-3 años,Scala,"HTML/CSS, Java, Groovy, Scala",Elasticsearch,"Firebase Realtime Database, Elasticsearch, InfluxDB",Symfony,"Symfony, Flask, Laravel","Ansible, PowerShell, npm, Prometheus",-17100.0,7,45.0,2023
R_1162,29,14,Colombia,Grado en Ingeniería Informática,Científico de Datos,51-100,Híbrido,5-10 años,Groovy,"Bash/Shell, Kotlin, Groovy, C#, SQL",SQLite,"MySQL, SQLite",jQuery,jQuery,"Kubernetes, Terraform, Yarn",54100.0,6,37.5,2023
R_1163,35,20,Brasil,Curso online,Product Manager,501-1000,Remoto,5-10 años,Groovy,"Groovy, Objective-C",InfluxDB,InfluxDB,Angular,"Gatsby, Next.js, Angular","Vite, PowerShell",41400.0,8,37.5,2023
R_1164,25,10,Colombia,Licenciatura en Matemáticas,Analista de Sistemas,11-50,Remoto,15+ años,Go,"JavaScript, Python, VBA, Go",Redis,"MongoDB, Redis",Svelte,Svelte,"Rollup, Puppet, PowerShell, Vite, CircleCI",2800.0,5,55.0,2023
R_1165,56,27,Colombia,Grado en Ingeniería Informática,UX/UI Designer,1-10,Híbrido,1-3 años,Objective-C,"TypeScript, Objective-C, C",Redis,Redis,Phoenix,"Django, Phoenix","Rollup, Prometheus",34800.0,2,40.0,2023
R_1166,24,9,Alemania,Curso online,Ingeniero de Machine Learning,501-1000,Remoto,3-5 años,Objective-C,"C#, Objective-C",Elasticsearch,Elasticsearch,Nuxt.js,"Spring Boot, Nuxt.js","Pulumi, Rollup, npm",41900.0,7,42.5,2023
R_1167,21,6,Canadá,Autodidacta,Product Manager,1-10,Remoto,5-10 años,Java,"VBA, Lua, Assembly, Java, JavaScript",DynamoDB,"PostgreSQL, DynamoDB",ASP.NET Core,ASP.NET Core,"Gradle, Bash, Vite, Docker",55000.0,5,40.0,2023
R_1168,43,20,Italia,Curso online,CTO,11-50,Remoto,0-1 años,TypeScript,"C, Bash/Shell, TypeScript",IBM DB2,IBM DB2,Laravel,"Spring Boot, Laravel, Django, FastAPI","Git, Maven, Jenkins, Chef, Azure DevOps",26500.0,2,37.5,2023
R_1169,31,12,Portugal,Máster en Ciencias de la Computación,Product Manager,101-500,Presencial,1-3 años,Dart,"Rust, JavaScript, Dart, VBA, Assembly",Cassandra,Cassandra,Ruby on Rails,Ruby on Rails,"Webpack, Maven",21700.0,5,37.5,2023
R_1170,41,25,Reino Unido,Licenciatura en Matemáticas,Analista de Sistemas,11-50,Híbrido,3-5 años,Delphi,"Scala, Delphi",Microsoft SQL Server,"Microsoft SQL Server, MariaDB",Laravel,"Gatsby, Express, Laravel","Bash, Gradle, Yarn, Git, GitHub Actions",61500.0,4,55.0,2023
R_1171,58,10,Estados Unidos,Formación Profesional,Desarrollador Back-end,1-10,Híbrido,1-3 años,JavaScript,"JavaScript, Swift, R, C",Oracle,"Couchbase, IBM DB2, Oracle",Vue.js,Vue.js,"Rollup, Terraform, Webpack, Puppet, Yarn, Vite",61200.0,4,35.0,2023
R_1172,37,8,India,Formación Profesional,Desarrollador Full-stack,11-50,Híbrido,1-3 años,Assembly,"Ruby, Assembly, Delphi",Oracle,"Oracle, DynamoDB",Phoenix,"Phoenix, Spring Boot, Django","Jenkins, Git",49100.0,7,37.5,2023
R_1173,44,9,Australia,Formación Profesional,Desarrollador Móvil,51-100,Presencial,1-3 años,Scala,"Scala, Groovy, JavaScript, Swift",CouchDB,CouchDB,Express,"Express, Symfony","Webpack, Jenkins, CircleCI, Terraform, Prometheus, Rollup",23300.0,6,40.0,2023
R_1174,31,16,Polonia,Máster en Ciencias de la Computación,QA Engineer,1000+,Remoto,1-3 años,Groovy,"C++, Groovy",Neo4j,Neo4j,React,"Flask, React, jQuery","CircleCI, Webpack, Docker, Ansible, Prometheus, Bash",35500.0,6,45.0,2023
R_1175,52,15,Finlandia,Licenciatura en Matemáticas,Desarrollador Full-stack,1000+,Presencial,1-3 años,Bash/Shell,"R, Delphi, C#, Bash/Shell",IBM DB2,"Neo4j, Cassandra, IBM DB2",React,"Ruby on Rails, React","Rollup, Puppet, Azure DevOps",28600.0,3,37.5,2023
R_1176,21,6,Polonia,Máster en Ciencias de la Computación,Desarrollador Full-stack,1-10,Presencial,1-3 años,C#,"Groovy, C#, MATLAB",MySQL,"Neo4j, CouchDB, MySQL",FastAPI,FastAPI,"npm, Git, Gradle, Bash, Docker",51500.0,4,40.0,2023
R_1177,43,23,Países Bajos,Máster en Ciencias de la Computación,Desarrollador Móvil,501-1000,Híbrido,0-1 años,PowerShell,"PowerShell, C",IBM DB2,"IBM DB2, Cassandra, Elasticsearch",Django,"React, Django, Svelte","CMake, Chef",15700.0,5,37.5,2023
R_1178,36,2,Colombia,Formación Profesional,Desarrollador Front-end,1000+,Presencial,1-3 años,Rust,"Rust, Ruby",MySQL,"Redis, MySQL",Symfony,"Laravel, FastAPI, Symfony, Django","Chef, CMake, GitHub Actions",17400.0,5,40.0,2023
R_1179,61,1,Japón,Curso online,Desarrollador Front-end,11-50,Remoto,3-5 años,Kotlin,"Kotlin, VBA, C++, Groovy",DynamoDB,"DynamoDB, MySQL",React,"Spring Boot, Blazor, React","Terraform, Prometheus",70500.0,5,40.0,2023
R_1180,42,17,España,Máster en Ciencias de la Computación,Ingeniero de Machine Learning,51-100,Remoto,5-10 años,Go,"Lua, Delphi, Go, Scala",IBM DB2,IBM DB2,Vue.js,Vue.js,"Ansible, Vite, Webpack, Gradle, npm, Yarn",25100.0,4,40.0,2023
R_1181,42,13,Australia,Licenciatura en Informática,Desarrollador Front-end,51-100,Presencial,1-3 años,Ruby,"Ruby, Python, JavaScript",InfluxDB,InfluxDB,Gatsby,"Laravel, FastAPI, Gatsby","GitHub Actions, Jenkins, CircleCI, Gradle",16300.0,6,40.0,2023
R_1182,39,7,India,Autodidacta,Product Manager,11-50,Presencial,0-1 años,PHP,"PHP, Groovy",Oracle,Oracle,FastAPI,"FastAPI, Nuxt.js, React","Azure DevOps, Terraform, Kubernetes, Chef",21900.0,2,40.0,2023
R_1183,40,1,España,Licenciatura en Matemáticas,QA Engineer,101-500,Presencial,0-1 años,C++,"Java, C++, C#, Go, Swift",SQLite,SQLite,React,React,"Puppet, Bash, Git, GitHub Actions, Chef, Gradle",4300.0,5,37.5,2023
R_1184,30,6,Suiza,Formación Profesional,CTO,101-500,Híbrido,1-3 años,PHP,"Bash/Shell, PHP, C, MATLAB",SQLite,"CouchDB, MySQL, SQLite",Spring Boot,"Spring Boot, Phoenix, Next.js","Yarn, Azure DevOps, Webpack, Kubernetes, Pulumi",52100.0,2,40.0,2023
R_1185,37,7,España,Grado en Ingeniería Informática,Científico de Datos,51-100,Remoto,15+ años,MATLAB,"PHP, Dart, TypeScript, MATLAB",Neo4j,"Cassandra, Neo4j, DynamoDB",Ruby on Rails,"Ruby on Rails, Next.js","Terraform, Pulumi, Chef, Prometheus, Yarn",104700.0,5,40.0,2023
R_1186,49,19,Suiza,Formación Profesional,Desarrollador Full-stack,501-1000,Presencial,0-1 años,Ruby,"Bash/Shell, PowerShell, Dart, Ruby",Microsoft SQL Server,"MariaDB, Oracle, Microsoft SQL Server",Laravel,"ASP.NET Core, Laravel","Azure DevOps, Yarn, Bash, npm, CMake, Docker",8700.0,5,40.0,2023
R_1187,63,19,India,Licenciatura en Matemáticas,Desarrollador Full-stack,1000+,Remoto,5-10 años,C,"C, MATLAB",CouchDB,CouchDB,Django,Django,"Jenkins, Chef, CircleCI",51700.0,2,45.0,2023
R_1188,30,13,Francia,Licenciatura en Matemáticas,Desarrollador de Videojuegos,51-100,Híbrido,3-5 años,C,"C, Dart, MATLAB",Couchbase,Couchbase,Symfony,Symfony,"Vite, Azure DevOps, Maven, PowerShell, Jenkins",84600.0,2,42.5,2023
R_1189,21,6,Portugal,Bootcamp de programación,UX/UI Designer,11-50,Híbrido,1-3 años,Dart,"Go, Dart",Supabase,"Neo4j, Supabase",React,"React, Vue.js","Chef, CMake, CircleCI, Bash, Pulumi",12700.0,6,45.0,2023
R_1190,31,5,Estados Unidos,Grado en Ingeniería Informática,SRE,51-100,Híbrido,3-5 años,Scala,"TypeScript, JavaScript, C, Scala, Bash/Shell",PostgreSQL,"PostgreSQL, Redis",NestJS,"NestJS, Nuxt.js, Laravel, Ruby on Rails","CircleCI, Azure DevOps, Docker",90300.0,5,40.0,2023
R_1191,21,6,Estados Unidos,Licenciatura en Informática,Ingeniero de Machine Learning,51-100,Híbrido,5-10 años,R,"Rust, VBA, Lua, Swift, R",Cassandra,"SQLite, MySQL, Cassandra",Symfony,"Angular, Symfony, FastAPI","PowerShell, Yarn, Jenkins, Gradle",51300.0,4,40.0,2023
R_1192,64,13,Japón,Curso online,SRE,501-1000,Remoto,0-1 años,TypeScript,"Java, C, TypeScript, C++",MySQL,"MySQL, Neo4j, Cassandra",Symfony,"Nuxt.js, Symfony","Pulumi, Rollup",8800.0,3,40.0,2023
R_1193,23,1,Suiza,Bootcamp de programación,Desarrollador Móvil,501-1000,Presencial,0-1 años,Java,"Java, Python",Couchbase,"Redis, Couchbase",ASP.NET Core,"ASP.NET Core, Spring Boot","Gradle, Ansible, Rollup, Git, Jenkins, Vite",43500.0,4,35.0,2023
R_1194,35,7,Portugal,Formación Profesional,UX/UI Designer,101-500,Remoto,3-5 años,PHP,"PHP, SQL",MySQL,"MySQL, Couchbase, Cassandra",React,"Symfony, React, Spring Boot","Ansible, Kubernetes, Azure DevOps, Prometheus, Jenkins",38600.0,3,42.5,2023
R_1195,37,22,Estados Unidos,Autodidacta,Desarrollador Full-stack,1-10,Remoto,5-10 años,Bash/Shell,"HTML/CSS, Dart, Objective-C, Swift, Bash/Shell",MongoDB,"Oracle, MongoDB, Redis",ASP.NET Core,"Next.js, ASP.NET Core, Ruby on Rails","Bash, Pulumi, Git, Maven, Webpack, Terraform",92800.0,10,40.0,2023
R_1196,34,12,Argentina,Grado en Ingeniería Informática,Desarrollador Back-end,1-10,Remoto,5-10 años,Groovy,"Java, Groovy",MySQL,"Redis, MySQL",Phoenix,"FastAPI, Phoenix","CMake, Kubernetes, Jenkins, Git, Ansible",4900.0,5,42.5,2023
R_1197,48,12,Países Bajos,Formación Profesional,Product Manager,1000+,Remoto,3-5 años,Assembly,"Swift, Assembly",PostgreSQL,PostgreSQL,Flask,"Flask, Django, Blazor","Prometheus, Kubernetes, Gradle, Docker, CircleCI, Rollup",26500.0,9,40.0,2023
R_1198,49,9,Reino Unido,Grado en Ingeniería Informática,CTO,1-10,Presencial,5-10 años,Kotlin,"Rust, Kotlin, TypeScript",Cassandra,"Cassandra, InfluxDB",Angular,"Blazor, Spring Boot, Angular, Nuxt.js","Puppet, Terraform, Maven",126000.0,8,35.0,2023
R_1199,28,13,Alemania,Formación Profesional,Analista de Sistemas,501-1000,Remoto,3-5 años,Rust,"Dart, Groovy, Rust, Lua, Swift",CouchDB,"CouchDB, Elasticsearch",Laravel,"Vue.js, Laravel","CircleCI, Pulumi, Webpack",82100.0,1,42.5,2023
R_1200,18,3,Suecia,Grado en Ingeniería Informática,Product Manager,51-100,Remoto,3-5 años,C++,"Lua, PowerShell, C++, Ruby",DynamoDB,"PostgreSQL, DynamoDB, Cassandra",Django,"Express, NestJS, Django, Blazor","PowerShell, npm, Docker, Gradle",62300.0,3,42.5,2023
R_1201,21,6,Reino Unido,Grado en Ingeniería Informática,Ingeniero de Machine Learning,501-1000,Remoto,10-15 años,Objective-C,"Assembly, Kotlin, Objective-C, Bash/Shell",Firebase Realtime Database,"Firebase Realtime Database, PostgreSQL, DynamoDB",React,"React, Flask","Bash, Azure DevOps, Webpack",26400.0,5,45.0,2023
R_1202,44,4,Colombia,Curso online,Desarrollador de Videojuegos,51-100,Remoto,5-10 años,Dart,"C#, Dart, Bash/Shell, Objective-C, Go",PostgreSQL,"PostgreSQL, MySQL",Blazor,"Blazor, Svelte","Chef, CircleCI, npm, Puppet",26100.0,8,40.0,2023
R_1203,27,12,Países Bajos,Licenciatura en Informática,Desarrollador Móvil,501-1000,Híbrido,10-15 años,Dart,"Dart, C#",Firebase Realtime Database,Firebase Realtime Database,Django,"Phoenix, Laravel, Django","Terraform, Git, CircleCI, Webpack, Puppet",17000.0,3,35.0,2023
R_1204,48,27,Brasil,Licenciatura en Matemáticas,Arquitecto de Software,51-100,Remoto,3-5 años,Dart,"Dart, TypeScript, Bash/Shell, C, Objective-C",Supabase,"MariaDB, Couchbase, Supabase",Nuxt.js,"Laravel, Nuxt.js, Gatsby, Vue.js","Rollup, Azure DevOps, PowerShell, npm, Kubernetes",17100.0,2,42.5,2023
R_1205,21,6,India,Máster en Ciencias de la Computación,SRE,1000+,Híbrido,1-3 años,Go,"Go, TypeScript, MATLAB, JavaScript, Ruby",CouchDB,"CouchDB, PostgreSQL",NestJS,"Angular, NestJS","CircleCI, Jenkins, Azure DevOps",40300.0,6,40.0,2023
R_1206,32,16,Países Bajos,Licenciatura en Matemáticas,DevOps,101-500,Remoto,5-10 años,Scala,"PowerShell, Scala, Groovy, C",MySQL,"MySQL, Supabase, Firebase Realtime Database",Symfony,"FastAPI, Symfony, jQuery","Git, GitHub Actions, Webpack, Jenkins, Kubernetes, Ansible",69900.0,5,40.0,2023
R_1207,32,17,Argentina,Formación Profesional,SRE,1000+,Presencial,5-10 años,C#,"Delphi, Go, C++, C#",SQLite,"MariaDB, CouchDB, SQLite",Svelte,"Svelte, Ruby on Rails","PowerShell, CircleCI, Chef, Docker",46200.0,1,40.0,2023
R_1208,36,3,Brasil,Máster en Ciencias de la Computación,Desarrollador de Videojuegos,101-500,Remoto,3-5 años,Dart,"VBA, MATLAB, Dart, Rust, C++",PostgreSQL,PostgreSQL,Angular,"Gatsby, Angular, Next.js, Nuxt.js","Vite, Pulumi, CMake, GitHub Actions, Gradle, PowerShell",29800.0,6,35.0,2023
R_1209,59,23,Argentina,Licenciatura en Matemáticas,Product Manager,501-1000,Remoto,5-10 años,VBA,"VBA, Bash/Shell, Objective-C, PowerShell",InfluxDB,InfluxDB,Vue.js,"Vue.js, Phoenix, Svelte","Bash, npm, Gradle, Rollup, Chef, Git",53200.0,3,37.5,2023
R_1210,46,22,Suecia,Licenciatura en Informática,Analista de Sistemas,501-1000,Presencial,5-10 años,Groovy,"C++, PHP, C, Dart, Groovy",Redis,"PostgreSQL, Redis, Supabase",Symfony,"NestJS, Express, Symfony, Ruby on Rails","Terraform, CircleCI",126300.0,2,40.0,2023
R_1211,41,26,Argentina,Curso online,Arquitecto de Software,501-1000,Remoto,1-3 años,Lua,"Go, Lua, Objective-C",Redis,"Redis, MongoDB",Spring Boot,"Spring Boot, FastAPI","npm, GitHub Actions, Maven, Vite, Jenkins",20300.0,7,35.0,2023
R_1212,44,16,Italia,Licenciatura en Informática,Analista de Sistemas,51-100,Híbrido,1-3 años,VBA,"Go, HTML/CSS, PHP, VBA",Cassandra,"SQLite, Couchbase, Cassandra",Vue.js,"Express, Laravel, Vue.js","Maven, Azure DevOps, Ansible, Docker, Kubernetes",29600.0,5,40.0,2023
R_1213,26,7,India,Licenciatura en Matemáticas,Desarrollador de Videojuegos,101-500,Remoto,3-5 años,R,"R, Bash/Shell",Firebase Realtime Database,"Supabase, Firebase Realtime Database",Spring Boot,"Spring Boot, React, Svelte","Azure DevOps, Vite, CMake",74600.0,7,40.0,2023
R_1214,25,7,Italia,Curso online,Científico de Datos,11-50,Presencial,3-5 años,Java,"Java, R, MATLAB, C",Oracle,"Oracle, InfluxDB, Microsoft SQL Server",FastAPI,"Next.js, Nuxt.js, FastAPI, Svelte","npm, Ansible",67600.0,5,35.0,2023
R_1215,33,14,Colombia,Máster en Ciencias de la Computación,Desarrollador Front-end,11-50,Híbrido,0-1 años,Objective-C,"Objective-C, PHP, SQL",InfluxDB,InfluxDB,Phoenix,"Phoenix, Gatsby","Ansible, GitHub Actions, Puppet, Bash, Terraform, PowerShell",12800.0,6,42.5,2023
R_1216,60,23,India,Máster en Ciencias de la Computación,Desarrollador de Videojuegos,1000+,Híbrido,5-10 años,Bash/Shell,"Bash/Shell, Dart, Objective-C, Swift",DynamoDB,"DynamoDB, Supabase, Cassandra",jQuery,"jQuery, Next.js","Terraform, Kubernetes, PowerShell, Git",31200.0,3,37.5,2023
R_1217,36,7,Brasil,Licenciatura en Matemáticas,UX/UI Designer,1-10,Remoto,1-3 años,JavaScript,"Groovy, JavaScript, Ruby, HTML/CSS, Bash/Shell",Neo4j,Neo4j,Ruby on Rails,"React, Django, Ruby on Rails, Blazor","Prometheus, Azure DevOps, Maven, Chef, Docker, Ansible",15300.0,5,45.0,2023
R_1218,37,15,Italia,Doctorado en Informática,Arquitecto de Software,501-1000,Híbrido,3-5 años,C++,"C++, Objective-C, R, Delphi",InfluxDB,"Couchbase, InfluxDB",NestJS,"Symfony, NestJS, Flask","Gradle, Kubernetes, Bash, Terraform",43000.0,8,40.0,2023
R_1219,59,13,Brasil,Licenciatura en Informática,CTO,1-10,Remoto,5-10 años,VBA,"VBA, Ruby, Lua",Redis,"Supabase, MySQL, Redis",Django,"Django, Express, jQuery","PowerShell, Azure DevOps, Maven, Yarn, Ansible",41100.0,7,40.0,2023
R_1220,42,16,Italia,Grado en Ingeniería Informática,Desarrollador Móvil,101-500,Híbrido,3-5 años,TypeScript,"Java, TypeScript",IBM DB2,"Neo4j, IBM DB2, Redis",Symfony,Symfony,"PowerShell, npm, Jenkins, Azure DevOps",24100.0,4,37.5,2023
R_1221,29,8,Japón,Curso online,SRE,51-100,Remoto,0-1 años,PowerShell,"R, PowerShell, HTML/CSS, JavaScript",Firebase Realtime Database,Firebase Realtime Database,Gatsby,"Svelte, Blazor, Gatsby","Gradle, CircleCI, Terraform, Bash, Chef, Docker",44900.0,2,37.5,2023
R_1222,35,11,España,Curso online,SRE,51-100,Remoto,10-15 años,SQL,"JavaScript, C#, SQL, Lua",Oracle,Oracle,jQuery,"React, ASP.NET Core, jQuery","Yarn, Webpack, Maven, PowerShell",17400.0,6,42.5,2023
R_1223,46,22,Japón,Curso online,Product Manager,101-500,Híbrido,0-1 años,C,"SQL, C++, Delphi, C, Python",Supabase,"Supabase, MySQL",jQuery,jQuery,"Rollup, Jenkins, Docker, CMake, Yarn",17300.0,9,37.5,2023
R_1224,28,13,Italia,Licenciatura en Matemáticas,Analista de Sistemas,11-50,Híbrido,3-5 años,R,"C#, R, Bash/Shell, C, Assembly",InfluxDB,"InfluxDB, Supabase",Ruby on Rails,"NestJS, Ruby on Rails, Spring Boot","Chef, Vite",23500.0,2,40.0,2023
R_1225,45,5,Finlandia,Doctorado en Informática,Desarrollador Front-end,101-500,Híbrido,0-1 años,TypeScript,"C++, Kotlin, TypeScript",Redis,"Microsoft SQL Server, Redis",Symfony,"Symfony, Flask","Jenkins, Gradle",32300.0,8,40.0,2023
R_1226,37,16,México,Curso online,DevOps,101-500,Remoto,3-5 años,Lua,"Kotlin, Lua, Swift, Assembly",IBM DB2,IBM DB2,Ruby on Rails,Ruby on Rails,"npm, Yarn, CMake, Webpack, Jenkins",19100.0,4,40.0,2023
R_1227,19,4,Suiza,Autodidacta,Arquitecto de Software,101-500,Remoto,3-5 años,HTML/CSS,"TypeScript, Java, HTML/CSS, PowerShell",IBM DB2,IBM DB2,Angular,"Next.js, Flask, Angular","Bash, Puppet, CircleCI, Chef, Maven",109700.0,6,37.5,2023
R_1228,30,8,Suiza,Autodidacta,DevOps,1000+,Híbrido,1-3 años,Dart,"Kotlin, Dart, Swift",CouchDB,CouchDB,Nuxt.js,"Blazor, Nuxt.js","CircleCI, Pulumi, npm, Kubernetes",54000.0,5,42.5,2023
R_1229,27,2,España,Autodidacta,Desarrollador Back-end,501-1000,Remoto,3-5 años,Assembly,"Ruby, VBA, Assembly, C++",Elasticsearch,Elasticsearch,Django,"Spring Boot, Django, Ruby on Rails","Terraform, Git, Puppet, npm, Prometheus, Kubernetes",33800.0,4,37.5,2023
R_1230,25,0,Australia,Licenciatura en Matemáticas,DevOps,1000+,Híbrido,1-3 años,Kotlin,"Kotlin, Groovy",Firebase Realtime Database,"PostgreSQL, SQLite, Firebase Realtime Database",React,React,"GitHub Actions, Pulumi",13300.0,5,37.5,2023
R_1231,53,13,Reino Unido,Doctorado en Informática,Desarrollador Móvil,101-500,Presencial,5-10 años,Kotlin,"R, Ruby, PHP, Kotlin",DynamoDB,"DynamoDB, SQLite, PostgreSQL",Vue.js,Vue.js,"Ansible, Terraform, CircleCI, GitHub Actions, Docker",114100.0,3,35.0,2023
R_1232,57,5,Australia,Bootcamp de programación,Arquitecto de Software,501-1000,Remoto,3-5 años,JavaScript,"PHP, JavaScript, Python",PostgreSQL,PostgreSQL,Laravel,"Vue.js, Laravel, Nuxt.js","Gradle, CMake, Puppet",75000.0,3,45.0,2023
R_1233,25,2,Países Bajos,Licenciatura en Informática,Product Manager,1-10,Remoto,0-1 años,Bash/Shell,"Bash/Shell, PowerShell, VBA, C",IBM DB2,"Elasticsearch, IBM DB2",Phoenix,"Spring Boot, Phoenix, FastAPI","Chef, Jenkins",20400.0,1,37.5,2023
R_1234,43,28,Suecia,Autodidacta,Product Manager,501-1000,Híbrido,10-15 años,Assembly,"Kotlin, Assembly",DynamoDB,DynamoDB,Express,"Django, Express","GitHub Actions, Chef, CircleCI, Git, Prometheus, npm",33100.0,4,35.0,2023
R_1235,50,2,Australia,Licenciatura en Informática,Desarrollador Móvil,51-100,Presencial,10-15 años,Assembly,"Assembly, Lua, TypeScript",Supabase,"IBM DB2, Supabase",Angular,"Angular, Ruby on Rails","Chef, Prometheus, Pulumi, Gradle, Webpack, npm",34800.0,3,40.0,2023
R_1236,47,18,México,Formación Profesional,Desarrollador Full-stack,501-1000,Remoto,5-10 años,Dart,"C, PowerShell, JavaScript, C++, Dart",MySQL,"MySQL, Oracle",ASP.NET Core,"ASP.NET Core, Phoenix, Ruby on Rails","CMake, Maven",21000.0,5,55.0,2023
R_1237,61,1,Suecia,Máster en Ciencias de la Computación,CTO,51-100,Remoto,10-15 años,C++,"VBA, C++, Lua, C",Couchbase,"MongoDB, Couchbase, Neo4j",Django,"Django, Next.js, NestJS","Rollup, Terraform, Yarn, Gradle",49800.0,8,40.0,2023
R_1238,53,28,Colombia,Doctorado en Informática,Analista de Sistemas,501-1000,Presencial,0-1 años,Bash/Shell,"PHP, Assembly, Bash/Shell",MongoDB,MongoDB,jQuery,"Express, Spring Boot, Laravel, jQuery","Bash, Jenkins, PowerShell, GitHub Actions, npm",6200.0,5,55.0,2023
R_1239,39,19,India,Licenciatura en Matemáticas,Ingeniero de Machine Learning,11-50,Híbrido,0-1 años,MATLAB,"PHP, R, MATLAB, Rust, VBA",Redis,"Couchbase, Supabase, Redis",Angular,Angular,"CMake, Terraform",17300.0,7,42.5,2023
R_1240,40,17,España,Formación Profesional,DevOps,11-50,Presencial,5-10 años,R,"Groovy, R, Lua",IBM DB2,IBM DB2,Django,"Nuxt.js, Next.js, Django","Ansible, Pulumi, Terraform, Kubernetes, Rollup",37600.0,4,45.0,2023
R_1241,23,8,Finlandia,Formación Profesional,SRE,501-1000,Presencial,5-10 años,Assembly,"Assembly, SQL, JavaScript, HTML/CSS",Redis,"PostgreSQL, CouchDB, Redis",Phoenix,"Laravel, Phoenix, Angular","Jenkins, Kubernetes, Ansible, Pulumi, Webpack",62800.0,6,40.0,2023
R_1242,29,14,Polonia,Curso online,QA Engineer,11-50,Híbrido,0-1 años,C#,"Swift, Go, C#, Delphi, Bash/Shell",Neo4j,"Neo4j, DynamoDB, MongoDB",Gatsby,"Gatsby, React, Symfony","CMake, Rollup",41800.0,5,55.0,2023
R_1243,58,26,Portugal,Formación Profesional,CTO,501-1000,Remoto,0-1 años,Assembly,"Swift, Delphi, Assembly",SQLite,"Oracle, SQLite",Angular,"NestJS, FastAPI, Laravel, Angular","Rollup, Jenkins, Terraform",21500.0,6,50.0,2023
R_1244,28,3,Canadá,Bootcamp de programación,DevOps,101-500,Remoto,5-10 años,MATLAB,"Kotlin, Java, MATLAB",Redis,Redis,Phoenix,"Laravel, Symfony, Next.js, Phoenix","Chef, Yarn, Pulumi",49900.0,5,37.5,2023
R_1245,34,12,Italia,Formación Profesional,Analista de Sistemas,1000+,Remoto,1-3 años,MATLAB,"JavaScript, MATLAB",InfluxDB,"SQLite, InfluxDB, Cassandra",Express,"Express, FastAPI, React, Flask","Chef, Gradle, Jenkins, CMake",31500.0,4,37.5,2023
R_1246,36,19,Polonia,Autodidacta,Desarrollador Móvil,1000+,Remoto,5-10 años,Kotlin,"HTML/CSS, Objective-C, VBA, Dart, Kotlin",InfluxDB,InfluxDB,jQuery,"Laravel, Express, jQuery, Next.js","Pulumi, Git, Docker, PowerShell, Ansible",58300.0,2,37.5,2023
R_1247,42,23,Francia,Autodidacta,Desarrollador Front-end,51-100,Híbrido,3-5 años,C++,"C#, C++, Swift, Groovy, Objective-C",Couchbase,"Couchbase, MongoDB, Elasticsearch",jQuery,"jQuery, NestJS, Ruby on Rails","Maven, Pulumi, CircleCI",19500.0,6,37.5,2023
R_1248,44,20,México,Grado en Ingeniería Informática,Científico de Datos,1000+,Presencial,1-3 años,Delphi,"Lua, Dart, Delphi",DynamoDB,"DynamoDB, Couchbase, InfluxDB",Blazor,"Blazor, ASP.NET Core","Terraform, Maven, CircleCI, Prometheus, Chef",25100.0,4,40.0,2023
R_1249,42,17,Países Bajos,Doctorado en Informática,CTO,501-1000,Remoto,3-5 años,Java,"Java, Assembly, JavaScript, Go",Firebase Realtime Database,Firebase Realtime Database,FastAPI,"FastAPI, ASP.NET Core, Ruby on Rails, Laravel","Git, Kubernetes, Jenkins, Bash, Pulumi",47600.0,5,37.5,2023
R_1250,22,7,Reino Unido,Curso online,QA Engineer,11-50,Híbrido,5-10 años,Kotlin,"R, Kotlin, C",PostgreSQL,"Firebase Realtime Database, PostgreSQL",FastAPI,"Nuxt.js, Svelte, React, FastAPI","Bash, Terraform, CircleCI, npm, Maven, GitHub Actions",28000.0,8,37.5,2023
R_1251,55,17,Reino Unido,Curso online,Desarrollador de Videojuegos,101-500,Presencial,3-5 años,PowerShell,"PowerShell, Rust, VBA",Cassandra,"IBM DB2, Microsoft SQL Server, Cassandra",React,React,"Terraform, Bash, Azure DevOps",18400.0,5,42.5,2023
R_1252,45,10,Estados Unidos,Curso online,Product Manager,1000+,Remoto,5-10 años,C++,"Assembly, C++",Cassandra,"InfluxDB, Cassandra",Spring Boot,"Spring Boot, Express","Gradle, PowerShell",23500.0,1,45.0,2023
R_1253,28,13,Argentina,Licenciatura en Informática,UX/UI Designer,1000+,Presencial,1-3 años,Delphi,"TypeScript, HTML/CSS, Delphi",SQLite,"InfluxDB, MongoDB, SQLite",Nuxt.js,"Nuxt.js, React, jQuery","Terraform, Yarn, Docker, Vite, Chef",15200.0,3,42.5,2023
R_1254,56,7,Italia,Licenciatura en Informática,Arquitecto de Software,101-500,Presencial,3-5 años,VBA,"PowerShell, Objective-C, VBA, SQL, TypeScript",InfluxDB,InfluxDB,FastAPI,"Vue.js, Gatsby, FastAPI, NestJS","Azure DevOps, Git, Terraform, CircleCI, CMake, Ansible",53300.0,5,55.0,2023
R_1255,46,28,Alemania,Curso online,DevOps,1-10,Presencial,0-1 años,Java,"Java, Ruby",MongoDB,MongoDB,Next.js,"Express, Ruby on Rails, Next.js, React","GitHub Actions, PowerShell",29800.0,6,40.0,2023
R_1256,32,15,Alemania,Autodidacta,Desarrollador Front-end,501-1000,Híbrido,10-15 años,Go,"Bash/Shell, Go, Kotlin, Swift, Ruby",Elasticsearch,"Elasticsearch, Cassandra, Neo4j",FastAPI,"Spring Boot, FastAPI","Rollup, PowerShell, Chef",12800.0,5,42.5,2023
R_1257,61,25,Japón,Bootcamp de programación,UX/UI Designer,11-50,Híbrido,1-3 años,Go,"Go, Lua",IBM DB2,IBM DB2,NestJS,"Express, React, NestJS","Prometheus, Git",55700.0,6,37.5,2023
R_1258,41,1,Canadá,Máster en Ciencias de la Computación,QA Engineer,11-50,Híbrido,3-5 años,SQL,"SQL, Go, Dart, Ruby",IBM DB2,"IBM DB2, PostgreSQL, Neo4j",Vue.js,Vue.js,"Kubernetes, Ansible, PowerShell, Chef, Pulumi",41200.0,4,40.0,2023
R_1259,61,29,México,Máster en Ciencias de la Computación,Científico de Datos,11-50,Remoto,3-5 años,Ruby,"Go, Ruby, MATLAB, Lua",SQLite,"Couchbase, SQLite, Neo4j",Django,"Django, Svelte, Ruby on Rails","Yarn, Azure DevOps",14500.0,4,42.5,2023
R_1260,27,12,México,Grado en Ingeniería Informática,Desarrollador de Videojuegos,501-1000,Híbrido,1-3 años,Ruby,"MATLAB, Ruby, Rust, C",PostgreSQL,"Microsoft SQL Server, PostgreSQL",Blazor,"Phoenix, Ruby on Rails, Blazor","Puppet, Chef, CircleCI, PowerShell, Azure DevOps",22200.0,8,40.0,2023
R_1261,42,3,Reino Unido,Máster en Ciencias de la Computación,UX/UI Designer,501-1000,Híbrido,1-3 años,Assembly,"TypeScript, Assembly, VBA",Cassandra,"Cassandra, Oracle, Firebase Realtime Database",Phoenix,"Ruby on Rails, Phoenix, Spring Boot, Django","Pulumi, Docker",46200.0,3,35.0,2023
R_1262,26,11,España,Doctorado en Informática,Product Manager,1000+,Híbrido,3-5 años,Swift,"Swift, Kotlin, Delphi",MySQL,"MySQL, DynamoDB",Svelte,Svelte,"Gradle, Git, Maven, Bash",21000.0,4,40.0,2023
R_1263,55,1,Finlandia,Máster en Ciencias de la Computación,Desarrollador Móvil,11-50,Híbrido,3-5 años,Bash/Shell,"Lua, R, PowerShell, Bash/Shell",CouchDB,"Redis, CouchDB, Couchbase",FastAPI,"Vue.js, FastAPI, jQuery, Flask","npm, CircleCI, Azure DevOps, Maven",128300.0,4,40.0,2023
R_1264,50,14,Brasil,Licenciatura en Matemáticas,Arquitecto de Software,501-1000,Presencial,10-15 años,Groovy,"Java, PowerShell, Groovy, R",PostgreSQL,"PostgreSQL, Neo4j",Phoenix,"Angular, Svelte, Phoenix","CMake, Maven, Rollup, Kubernetes, Vite",31900.0,5,40.0,2023
R_1265,29,14,India,Formación Profesional,Arquitecto de Software,11-50,Remoto,3-5 años,C,"C, Rust, Swift",MySQL,"MongoDB, DynamoDB, MySQL",Spring Boot,"React, Spring Boot, Nuxt.js, Symfony","Bash, npm",14200.0,4,40.0,2023
R_1266,45,24,Japón,Licenciatura en Informática,Ingeniero de Machine Learning,1000+,Presencial,1-3 años,PHP,"Swift, Lua, PHP, Rust",Couchbase,"Couchbase, Neo4j",Vue.js,"Express, Vue.js, jQuery","Yarn, Ansible, Rollup, Pulumi, Chef, Bash",65200.0,5,40.0,2023
R_1267,54,10,Polonia,Máster en Ciencias de la Computación,QA Engineer,501-1000,Remoto,5-10 años,C#,"Assembly, C#, R, TypeScript, Delphi",Oracle,Oracle,Flask,Flask,"CMake, Kubernetes, Pulumi, Yarn",87200.0,4,40.0,2023
R_1268,22,7,Japón,Doctorado en Informática,SRE,11-50,Presencial,1-3 años,Delphi,"Python, Ruby, Delphi",DynamoDB,DynamoDB,FastAPI,"FastAPI, Nuxt.js, ASP.NET Core","Terraform, Vite, Yarn, CircleCI, Puppet, GitHub Actions",57800.0,5,40.0,2023
R_1269,49,11,México,Licenciatura en Matemáticas,Desarrollador Front-end,1-10,Presencial,5-10 años,Java,"Lua, Rust, Java, JavaScript, VBA",Microsoft SQL Server,"Cassandra, Microsoft SQL Server",Blazor,"Laravel, Express, Blazor, FastAPI","Docker, Azure DevOps, Kubernetes, GitHub Actions",31000.0,4,50.0,2023
R_1270,61,7,Alemania,Bootcamp de programación,Desarrollador Front-end,501-1000,Remoto,0-1 años,MATLAB,"MATLAB, Groovy, Scala",IBM DB2,"Oracle, IBM DB2",Spring Boot,"Spring Boot, NestJS, Flask, Gatsby","Docker, Git",34400.0,5,40.0,2023
R_1271,42,6,Estados Unidos,Bootcamp de programación,CTO,1-10,Presencial,0-1 años,Rust,"Rust, Groovy, HTML/CSS, Bash/Shell, Dart",CouchDB,"SQLite, MongoDB, CouchDB",Flask,"Spring Boot, Flask","Vite, Pulumi, Rollup",41600.0,7,40.0,2023
R_1272,43,21,Estados Unidos,Autodidacta,SRE,1000+,Híbrido,1-3 años,Go,"MATLAB, Groovy, Go, Java",Microsoft SQL Server,"Microsoft SQL Server, MongoDB, SQLite",Symfony,"Symfony, Laravel","Kubernetes, Terraform, Vite, Rollup",26400.0,5,42.5,2023
R_1273,24,9,Polonia,Formación Profesional,Científico de Datos,51-100,Remoto,3-5 años,Bash/Shell,"TypeScript, Assembly, Bash/Shell, PHP, SQL",Supabase,"Supabase, IBM DB2",jQuery,jQuery,"Azure DevOps, Prometheus, Ansible, GitHub Actions, Webpack",13100.0,4,50.0,2023
R_1274,24,9,México,Licenciatura en Informática,Científico de Datos,1-10,Híbrido,1-3 años,C#,"C, JavaScript, Ruby, C#",InfluxDB,"Oracle, InfluxDB",Vue.js,"Laravel, Vue.js, Spring Boot","PowerShell, CircleCI",32200.0,4,40.0,2023
R_1275,60,26,Italia,Autodidacta,UX/UI Designer,1000+,Híbrido,15+ años,JavaScript,"JavaScript, Bash/Shell",SQLite,"SQLite, Neo4j",Phoenix,"Angular, Nuxt.js, Next.js, Phoenix","Kubernetes, Prometheus, npm",92400.0,3,40.0,2023
R_1276,45,10,México,Bootcamp de programación,Desarrollador Full-stack,1-10,Presencial,5-10 años,Swift,"Swift, Ruby, Java",Couchbase,Couchbase,ASP.NET Core,"ASP.NET Core, Phoenix","PowerShell, Azure DevOps, npm, Prometheus, CMake",78000.0,6,37.5,2023
R_1277,37,15,Francia,Licenciatura en Matemáticas,QA Engineer,11-50,Presencial,1-3 años,C++,"C++, Python, SQL",MongoDB,MongoDB,Symfony,Symfony,"GitHub Actions, PowerShell, CircleCI",21700.0,5,40.0,2023
R_1278,51,26,Suecia,Licenciatura en Matemáticas,Desarrollador Front-end,501-1000,Presencial,1-3 años,SQL,"Java, HTML/CSS, SQL",MySQL,MySQL,Nuxt.js,"Nuxt.js, Laravel","Azure DevOps, Jenkins, Git, Ansible, Pulumi, PowerShell",55200.0,5,40.0,2023
R_1279,21,6,Italia,Máster en Ciencias de la Computación,Arquitecto de Software,1000+,Híbrido,0-1 años,SQL,"Assembly, Dart, PHP, SQL",Supabase,"DynamoDB, InfluxDB, Supabase",Svelte,"Ruby on Rails, Svelte","Vite, GitHub Actions, Git",24400.0,7,40.0,2023
R_1280,61,0,Brasil,Formación Profesional,Desarrollador de Videojuegos,501-1000,Híbrido,1-3 años,C#,"PowerShell, Kotlin, C#, VBA",Redis,"IBM DB2, Redis",Symfony,"Gatsby, Next.js, Symfony","Kubernetes, Vite, Yarn, Chef, Prometheus",36100.0,5,40.0,2023
R_1281,49,18,Japón,Autodidacta,Desarrollador Móvil,1000+,Híbrido,10-15 años,Go,"Go, TypeScript",PostgreSQL,"PostgreSQL, IBM DB2, DynamoDB",Angular,"Express, Angular, React","Prometheus, Pulumi, CircleCI, Webpack, GitHub Actions",33800.0,3,40.0,2023
R_1282,62,0,Alemania,Máster en Ciencias de la Computación,Científico de Datos,1-10,Remoto,1-3 años,Go,"Scala, Go, C#, SQL",Neo4j,"Oracle, Neo4j",Express,Express,"PowerShell, Terraform, Yarn, Azure DevOps",59300.0,4,37.5,2023
R_1283,33,18,Italia,Licenciatura en Matemáticas,Desarrollador de Videojuegos,101-500,Híbrido,15+ años,Rust,"Java, Rust",DynamoDB,DynamoDB,jQuery,"Gatsby, jQuery","Rollup, CMake, Webpack, Vite, Docker, CircleCI",89600.0,6,40.0,2023
R_1284,20,5,Alemania,Máster en Ciencias de la Computación,Desarrollador Front-end,11-50,Presencial,1-3 años,VBA,"VBA, Bash/Shell",MariaDB,"Oracle, InfluxDB, MariaDB",Express,"Express, jQuery, FastAPI","PowerShell, npm, Puppet, Ansible, Jenkins",20600.0,7,40.0,2023
R_1285,58,7,Colombia,Bootcamp de programación,Administrador de BD,501-1000,Híbrido,1-3 años,TypeScript,"PowerShell, Assembly, TypeScript, Scala",Elasticsearch,"IBM DB2, Elasticsearch",React,React,"Prometheus, Bash, Maven",6400.0,6,42.5,2023
R_1286,64,14,Suecia,Bootcamp de programación,Administrador de BD,51-100,Presencial,3-5 años,HTML/CSS,"HTML/CSS, Groovy",Redis,"Redis, MySQL",Laravel,"Angular, Laravel","Docker, Kubernetes, Yarn, CMake, npm",51300.0,7,42.5,2023
R_1287,34,7,Portugal,Máster en Ciencias de la Computación,Ingeniero de Machine Learning,11-50,Presencial,3-5 años,C,"C, TypeScript",Supabase,Supabase,Angular,"Laravel, Gatsby, FastAPI, Angular","GitHub Actions, CircleCI, Ansible, Maven, Rollup",11700.0,6,37.5,2023
R_1288,41,4,Canadá,Doctorado en Informática,SRE,101-500,Remoto,0-1 años,MATLAB,"Assembly, MATLAB, JavaScript, Ruby, VBA",PostgreSQL,"IBM DB2, PostgreSQL, Firebase Realtime Database",NestJS,"Django, NestJS, FastAPI","Vite, Jenkins, Prometheus, Docker, Webpack",31100.0,6,35.0,2023
R_1289,50,1,España,Doctorado en Informática,Desarrollador de Videojuegos,101-500,Presencial,5-10 años,TypeScript,"Bash/Shell, TypeScript, JavaScript, Groovy",InfluxDB,"InfluxDB, CouchDB",Angular,"Angular, Phoenix","Webpack, Vite",51800.0,9,37.5,2023
R_1290,28,9,Alemania,Bootcamp de programación,Desarrollador de Videojuegos,1000+,Remoto,3-5 años,Lua,"R, Lua, JavaScript, Dart",IBM DB2,"IBM DB2, MySQL, CouchDB",NestJS,"Nuxt.js, NestJS, Flask","Pulumi, Chef, CMake, Yarn",79600.0,5,42.5,2023
R_1291,42,19,Japón,Autodidacta,CTO,1-10,Presencial,5-10 años,Go,"Bash/Shell, Go, Rust, Swift, Lua",MariaDB,"MySQL, MongoDB, MariaDB",Ruby on Rails,"Ruby on Rails, NestJS","Kubernetes, Rollup, npm, PowerShell, CMake",73300.0,4,45.0,2023
R_1292,53,24,Colombia,Máster en Ciencias de la Computación,Ingeniero de Machine Learning,51-100,Híbrido,1-3 años,Assembly,"HTML/CSS, Assembly",MariaDB,"Couchbase, MariaDB",Angular,"jQuery, Express, Blazor, Angular","Yarn, npm, Puppet",18200.0,8,42.5,2023
R_1293,53,16,México,Doctorado en Informática,Desarrollador Móvil,101-500,Remoto,3-5 años,C++,"PHP, Groovy, Swift, C++",MySQL,"MySQL, DynamoDB",Gatsby,"Next.js, Gatsby","Gradle, Yarn",34200.0,5,35.0,2023
R_1294,27,12,Alemania,Formación Profesional,Administrador de BD,1-10,Remoto,0-1 años,C,"PowerShell, Dart, HTML/CSS, Bash/Shell, C",Elasticsearch,"Cassandra, Elasticsearch, Redis",Angular,"Express, Angular","Azure DevOps, Terraform, Bash, Jenkins, CMake, Gradle",13900.0,7,37.5,2023
R_1295,37,21,Polonia,Grado en Ingeniería Informática,Analista de Sistemas,501-1000,Remoto,3-5 años,Scala,"Scala, Delphi",Couchbase,Couchbase,FastAPI,"Angular, jQuery, FastAPI, Django","PowerShell, Jenkins, Pulumi, Bash, GitHub Actions",47200.0,9,42.5,2023
R_1296,18,3,Brasil,Licenciatura en Informática,DevOps,1-10,Híbrido,3-5 años,Go,"Go, MATLAB, C++",MySQL,"MariaDB, MySQL, Oracle",Next.js,"Next.js, Django, Nuxt.js","Bash, Chef, Vite",24000.0,5,35.0,2023
R_1297,23,2,Japón,Licenciatura en Matemáticas,Administrador de BD,501-1000,Presencial,1-3 años,Groovy,"Python, Ruby, Assembly, Groovy",Redis,Redis,Blazor,"Angular, Flask, Blazor, Ruby on Rails","Rollup, PowerShell, Azure DevOps",13700.0,6,37.5,2023
R_1298,36,3,Argentina,Licenciatura en Informática,Administrador de BD,501-1000,Remoto,5-10 años,MATLAB,"R, MATLAB, C#",Cassandra,"Elasticsearch, Cassandra",Next.js,"Next.js, Phoenix, Flask, Angular","CircleCI, Kubernetes",35100.0,8,45.0,2023
R_1299,35,18,Japón,Curso online,Product Manager,1-10,Remoto,1-3 años,MATLAB,"JavaScript, MATLAB, Dart, TypeScript",Couchbase,"Couchbase, Elasticsearch",Django,"Gatsby, Svelte, Phoenix, Django","Docker, Rollup, Chef",58500.0,8,40.0,2023
