id,edad,genero,experiencia_anios,nivel,educacion,ubicacion,remoto,lenguaje_principal,framework_principal,bd_principal,conocimientos,horas_semanales,salario_actual,satisfaccion_laboral,busca_trabajo,fecha_encuesta
4,31,Femenino,9,Lead,Bootcamp,Madrid,No,R,FastAPI,SQL Server,"SQL Server, AWS, Pandas, Vue.js, Postman, GitHub Actions, Django, Rust, MongoDB, Grafana, Redis, BigQuery, Kotlin, R, FastAPI, Angular",55.0,72800.0,7,Sí,18/05/2025
1,22,Masculino,0,Junior,Autodidacta,Sevilla,No,C#,React,InfluxDB,"C++, Confluence, React, InfluxDB, DynamoDB, Scala, TypeScript, Ruby on Rails, C#, Angular",40.0,23400.0,6,No,18/05/2025
5,38,Masculino,14,Staff,Doctorado,Málaga,No,TypeScript,Flask,Couchbase,"C++, Jira, React, Pandas, SonarQube, Flask, Scala, Spring Boot, Rust, Couchbase, Google Cloud, Docker, Kotlin, TypeScript, Azure, PyTorch",40.0,76300.0,5,Sí,18/05/2025
2,34,Masculino,12,Staff,Grado Superior,Remoto (España),Sí,Rust,TensorFlow,BigQuery,"InfluxDB, TensorFlow, Ansible, Rust, BigQuery, TypeScript, Go, R, Prometheus",35.0,83800.0,6,Sí,18/05/2025
5,55,Prefiero no decirlo,25,Principal,Bootcamp,Sevilla,No,JavaScript,FastAPI,Cassandra,"Jira, DynamoDB, PostgreSQL, Scala, Git, ELK Stack, Docker, Cassandra, Go, JavaScript, FastAPI",37.5,122300.0,10,No,18/05/2025
1,26,Femenino,4,Senior,Grado Superior,Valencia,No,TypeScript,Spring Boot,BigQuery,"SQL Server, Spring Boot, Scala, BigQuery, TypeScript",37.5,42600.0,5,No,18/05/2025
1,50,Masculino,13,Staff,Doctorado,Bilbao,No,Swift,Flutter,MongoDB,"Flutter, Dart, React, AWS, DynamoDB, Neo4j, MongoDB, Swift, Redis, Angular",40.0,86000.0,5,No,18/05/2025
1,35,Femenino,7,Senior,Bootcamp,Remoto (España),Sí,Java,React,BigQuery,"React, Next.js, Java, Grafana, BigQuery, TypeScript, Ruby on Rails, Python",42.5,52700.0,7,No,18/05/2025
1,48,Masculino,25,Principal,Grado Universitario,Sevilla,No,Java,Angular,MySQL,"Kubernetes, DynamoDB, Next.js, PostgreSQL, Java, Scala, Spring Boot, MySQL, ASP.NET, Cassandra, TypeScript, JavaScript, Python, Angular",35.0,118600.0,9,Sí,18/05/2025
1,46,Masculino,17,Principal,Grado Universitario,Valencia,No,Ruby,Flutter,Cassandra,"Flutter, PHP, Flask, PostgreSQL, Ruby, Java, ELK Stack, Cassandra, Elasticsearch, Angular",37.5,89400.0,6,Sí,18/05/2025
6,47,No binario,23,Principal,Grado Universitario,Remoto (España),Sí,PHP,ASP.NET,InfluxDB,"Symfony, Kubernetes, PHP, InfluxDB, Docker, ASP.NET, Express.js, Prometheus",50.0,99200.0,8,No,18/05/2025
3,28,Masculino,6,Senior,Autodidacta,Málaga,No,Rust,Spring Boot,MongoDB,"C++, SQLite, Dart, TensorFlow, Neo4j, Flask, Spring Boot, Django, Rust, MongoDB, Couchbase, JavaScript, Ruby on Rails",37.5,48200.0,8,No,18/05/2025
2,50,Masculino,21,Principal,Bootcamp,Remoto (España),Sí,Scala,Spring Boot,MySQL,"React, Spring Boot, Scala, MySQL, Kotlin, R, Python, Angular",60.0,102500.0,7,No,18/05/2025
6,43,Femenino,16,Principal,Grado Universitario,Híbrido (Barcelona),Sí,R,Express.js,Firebase,"Jira, AWS, Postman, Git, Google Cloud, R, Express.js, Firebase",55.0,90600.0,9,No,18/05/2025
2,24,Masculino,2,Semisenior,Bootcamp,Madrid,No,R,Flutter,Firebase,"Flutter, Confluence, React, InfluxDB, TensorFlow, Spring Boot, Django, MySQL, Azure, R, Firebase",40.0,31100.0,8,No,18/05/2025
1,34,Prefiero no decirlo,2,Semisenior,Grado Universitario,Las Palmas,No,C++,Django,Oracle,"C++, Jira, Oracle, InfluxDB, Java, Django, MySQL, JavaScript",40.0,32500.0,5,Sí,18/05/2025
1,62,Masculino,21,Principal,Grado Universitario,Valencia,No,C#,Pandas,Couchbase,"Flutter, React, Pandas, Neo4j, Next.js, Rust, Couchbase, C#",45.0,112100.0,7,Sí,18/05/2025
5,44,Masculino,10,Lead,Grado Universitario,Remoto,Sí,Java,PyTorch,MongoDB,"Flutter, Jira, SonarQube, TensorFlow, Vue.js, Next.js, Java, GitHub Actions, MongoDB, MariaDB, Kotlin, Elasticsearch, PyTorch, Angular",35.0,60300.0,10,No,18/05/2025
4,36,Femenino,14,Staff,Grado Superior,Híbrido (Madrid),Sí,TypeScript,Vue.js,MySQL,"Confluence, Kubernetes, Vue.js, Jenkins, MySQL, Go, TypeScript, Azure, R",40.0,75200.0,10,No,18/05/2025
1,61,Masculino,0,Junior,Autodidacta,Las Palmas,No,JavaScript,Pandas,SQL Server,"Symfony, SQL Server, PHP, Pandas, Vue.js, React, Flask, Cassandra, TypeScript, JavaScript, PyTorch",37.5,21600.0,6,Sí,18/05/2025
3,51,Masculino,9,Lead,Grado Universitario,Remoto (España),Sí,Rust,Pandas,BigQuery,"SQLite, React, Pandas, Rust, Redis, BigQuery, Laravel, Cassandra, Ruby on Rails, PyTorch",42.5,67700.0,8,Sí,18/05/2025
2,33,Femenino,10,Lead,Grado Universitario,Híbrido (Barcelona),Sí,Kotlin,Symfony,Elasticsearch,"Symfony, Scala, Spring Boot, Swift, Kotlin, Elasticsearch, PyTorch",37.5,62200.0,8,No,18/05/2025
4,48,Masculino,2,Semisenior,Grado Universitario,Híbrido (Barcelona),Sí,Rust,Spring Boot,MariaDB,"InfluxDB, AWS, Ruby, Scala, Spring Boot, Rust, Couchbase, Swift, MariaDB, Google Cloud, Jenkins, Docker, FastAPI",55.0,34800.0,4,No,18/05/2025
4,29,Femenino,6,Senior,Autodidacta,Alicante,No,Dart,Express.js,SQL Server,"C++, SQL Server, Dart, Ruby, JavaScript, Express.js, C#",37.5,55100.0,7,Sí,18/05/2025
3,51,Masculino,6,Senior,Grado Universitario,Remoto (Europa),Sí,Java,Symfony,Cassandra,"Symfony, Firebase, Postman, Java, Spring Boot, GitHub Actions, Rust, Docker, Cassandra, Kotlin, JavaScript, C#",45.0,44600.0,9,Sí,18/05/2025
1,32,Masculino,10,Lead,Doctorado,Madrid,No,TypeScript,Laravel,BigQuery,"Snowflake, Flask, MariaDB, Docker, BigQuery, Laravel, TypeScript, Express.js, PyTorch, FastAPI",37.5,66800.0,9,No,18/05/2025
4,25,Masculino,3,Semisenior,Grado Universitario,Las Palmas,No,C++,Laravel,Couchbase,"C++, Flutter, SQL Server, InfluxDB, Confluence, Vue.js, TensorFlow, SonarQube, Ansible, Couchbase, Google Cloud, Laravel, ASP.NET, Go, JavaScript, C#, FastAPI",40.0,32800.0,6,Sí,18/05/2025
3,47,Femenino,22,Principal,Autodidacta,Híbrido (Barcelona),Sí,Scala,React,Redis,"React, PHP, Postman, Ruby, Scala, Jenkins, Google Cloud, Redis, Ruby on Rails",42.5,110300.0,6,No,18/05/2025
4,45,Femenino,2,Semisenior,Grado Universitario,Madrid,No,Java,Next.js,MongoDB,"Kubernetes, TensorFlow, Next.js, Java, Grafana, MongoDB, Jenkins, R, Express.js",40.0,35100.0,5,Sí,18/05/2025
3,48,Femenino,3,Semisenior,Grado Universitario,Remoto (Europa),Sí,C++,Vue.js,MySQL,"C++, Dart, Vue.js, Ruby, GitHub Actions, MySQL, Terraform, Prometheus",50.0,31600.0,5,Sí,18/05/2025
1,33,Masculino,7,Senior,Máster,Málaga,No,TypeScript,Express.js,BigQuery,"Symfony, Flask, GitHub Actions, Django, Rust, BigQuery, ASP.NET, Kotlin, TypeScript, Express.js, Angular",42.5,51800.0,6,No,18/05/2025
5,34,Femenino,12,Staff,Máster,Híbrido (Madrid),Sí,Go,Angular,Firebase,"SQLite, SQL Server, React, SonarQube, AWS, Ansible, Django, Docker, BigQuery, Laravel, Go, Firebase, Angular",40.0,81200.0,3,Sí,18/05/2025
1,32,Masculino,10,Lead,Autodidacta,Sevilla,No,Kotlin,Vue.js,DynamoDB,"Symfony, Vue.js, DynamoDB, Next.js, Django, MySQL, ELK Stack, Redis, ASP.NET, Kotlin, Elasticsearch, FastAPI",40.0,66500.0,8,No,18/05/2025
2,54,Femenino,10,Lead,Grado Universitario,Murcia,No,Swift,Laravel,MySQL,"AWS, GitHub Actions, MySQL, Swift, Laravel, Kotlin, Go, TypeScript",42.5,64000.0,8,Sí,18/05/2025
3,44,Masculino,22,Principal,Grado Universitario,Sevilla,No,JavaScript,Ruby on Rails,MySQL,"Flutter, SQL Server, Dart, PHP, Oracle, Scala, Spring Boot, Couchbase, MySQL, ASP.NET, JavaScript, Ruby on Rails",35.0,117800.0,9,No,18/05/2025
2,53,Masculino,14,Staff,Máster,Híbrido (Barcelona),Sí,Java,FastAPI,PostgreSQL,"React, Vue.js, DynamoDB, Flask, PostgreSQL, Java, Redis, FastAPI",40.0,86800.0,7,No,18/05/2025
1,53,Masculino,20,Principal,Autodidacta,Málaga,No,Scala,Flutter,DynamoDB,"Flutter, C++, React, TensorFlow, DynamoDB, Scala, BigQuery, ASP.NET, R, PyTorch",40.0,94100.0,8,No,18/05/2025
4,52,Masculino,12,Staff,Grado Universitario,Remoto,Sí,Swift,Symfony,Redis,"Symfony, Dart, Oracle, Rust, MongoDB, Swift, Jenkins, Redis, Git, Laravel, ELK Stack, Python, Prometheus",37.5,88100.0,7,No,18/05/2025
4,46,Masculino,17,Principal,Bootcamp,Málaga,No,JavaScript,Ruby on Rails,MongoDB,"Jira, Kubernetes, Express.js, PostgreSQL, Java, Scala, MongoDB, Laravel, JavaScript, Python, Terraform, Prometheus, Ruby on Rails",42.5,110600.0,10,No,18/05/2025
1,36,Masculino,14,Staff,Grado Superior,Madrid,No,Go,Laravel,Neo4j,"Pandas, Neo4j, Spring Boot, GitHub Actions, Redis, Laravel, ASP.NET, Go, TypeScript, FastAPI, Angular",40.0,86100.0,7,Sí,18/05/2025
2,46,Masculino,5,Senior,Bootcamp,Málaga,No,C#,Django,InfluxDB,"C++, Jira, InfluxDB, Vue.js, Django, ELK Stack, ASP.NET, Go, C#",37.5,44200.0,6,Sí,18/05/2025
2,61,Masculino,8,Lead,Bootcamp,Sevilla,No,Python,Flask,Snowflake,"Flutter, React, Pandas, Oracle, Snowflake, Flask, Scala, Spring Boot, GitHub Actions, Docker, Kotlin, Python, Angular",50.0,70700.0,6,Sí,18/05/2025
2,64,Masculino,5,Senior,Grado Universitario,Híbrido (Madrid),Sí,C#,Django,BigQuery,"InfluxDB, Django, BigQuery, Go, Python, Elasticsearch, C#, FastAPI, Angular",45.0,53000.0,6,Sí,18/05/2025
3,58,Masculino,7,Senior,Grado Superior,Málaga,No,Python,Django,Cassandra,"SQL Server, PHP, Django, Swift, MariaDB, Cassandra, JavaScript, Python, Elasticsearch",42.5,49200.0,7,Sí,18/05/2025
1,64,Masculino,15,Principal,Grado Superior,Remoto (España),Sí,JavaScript,Spring Boot,Snowflake,"Dart, Flask, Ruby, Spring Boot, Swift, Kotlin, JavaScript, Snowflake",42.5,103700.0,10,No,18/05/2025
4,23,Masculino,1,Junior,Grado Superior,Alicante,No,Swift,Vue.js,MySQL,"Flutter, Symfony, Dart, Vue.js, Next.js, MySQL, Swift, Ruby on Rails",40.0,21100.0,7,Sí,18/05/2025
4,52,Masculino,1,Junior,Grado Universitario,Remoto (España),Sí,Ruby,Express.js,PostgreSQL,"C++, SQLite, Confluence, Pandas, TensorFlow, PostgreSQL, Ruby, Grafana, Laravel, Express.js, PyTorch, Prometheus",40.0,20400.0,5,Sí,18/05/2025
1,30,Masculino,8,Lead,Grado Universitario,Málaga,No,Go,Express.js,MariaDB,"Flutter, SQL Server, PostgreSQL, Django, MariaDB, Google Cloud, ASP.NET, Go, Express.js, Angular",40.0,63200.0,4,No,18/05/2025
4,64,Femenino,23,Principal,Grado Universitario,Remoto (Europa),Sí,Swift,Express.js,DynamoDB,"DynamoDB, Ruby, Ansible, Rust, Couchbase, Swift, Google Cloud, TypeScript, Express.js, Terraform, Elasticsearch",40.0,121700.0,8,Sí,18/05/2025
2,31,Femenino,8,Lead,Grado Universitario,Murcia,No,Kotlin,Ruby on Rails,Couchbase,"Oracle, Couchbase, Kotlin, TypeScript, Ruby on Rails, R, Snowflake, JavaScript",40.0,59800.0,7,Sí,18/05/2025
4,25,Masculino,3,Semisenior,Grado Universitario,Híbrido (Barcelona),Sí,JavaScript,Flutter,Redis,"Flutter, Symfony, Dart, Postman, TensorFlow, Django, ELK Stack, Redis, TypeScript, JavaScript, Terraform, Firebase, Ruby on Rails",42.5,36600.0,7,Sí,18/05/2025
5,29,Masculino,7,Senior,Grado Superior,Málaga,No,Rust,Django,Cassandra,"PHP, GitHub Actions, Django, Rust, MariaDB, Git, Cassandra, Kotlin, JavaScript, Terraform, Prometheus",42.5,51600.0,7,No,18/05/2025
2,32,Femenino,10,Lead,Doctorado,Zaragoza,No,Python,Flutter,Neo4j,"Flutter, React, Pandas, Neo4j, Ruby, Rust, TypeScript, Python",40.0,61200.0,6,Sí,18/05/2025
6,45,Masculino,7,Senior,Autodidacta,Remoto (España),Sí,Swift,FastAPI,SQL Server,"Flutter, Symfony, SQL Server, Jira, Kubernetes, Ansible, Rust, Couchbase, Swift, ELK Stack, BigQuery, Azure, Express.js, Elasticsearch, FastAPI, Angular",45.0,56200.0,9,No,18/05/2025
2,51,Masculino,20,Principal,Bootcamp,Bilbao,No,Python,Ruby on Rails,Redis,"Symfony, Next.js, Java, Redis, Go, Ruby on Rails, Python",42.5,102600.0,6,No,18/05/2025
6,24,No binario,2,Semisenior,Grado Superior,Remoto (Europa),Sí,TypeScript,ASP.NET,Oracle,"Symfony, Oracle, Dart, Java, Ansible, Jenkins, Git, Docker, BigQuery, ASP.NET, TypeScript, JavaScript, R, Terraform",40.0,30300.0,3,No,18/05/2025
1,50,Prefiero no decirlo,17,Principal,Grado Universitario,Remoto (España),Sí,JavaScript,Django,BigQuery,"C++, Flutter, React, DynamoDB, Spring Boot, Django, Git, BigQuery, Laravel, JavaScript, Elasticsearch, Ruby on Rails",42.5,93200.0,9,No,18/05/2025
4,52,Masculino,24,Principal,Grado Superior,Remoto,Sí,JavaScript,TensorFlow,Redis,"Confluence, Symfony, Dart, Postman, TensorFlow, Ansible, MySQL, Docker, Redis, JavaScript, Express.js",42.5,117800.0,7,No,18/05/2025
2,34,Femenino,12,Staff,Grado Superior,Híbrido (Madrid),Sí,PHP,Pandas,InfluxDB,"Jira, PHP, Pandas, InfluxDB, Vue.js, Spring Boot, Swift, ELK Stack, ASP.NET, C#, FastAPI, Angular",45.0,77700.0,7,No,18/05/2025
5,39,Masculino,17,Principal,Doctorado,Sevilla,No,JavaScript,TensorFlow,Cassandra,"C++, SQLite, Kubernetes, Postman, TensorFlow, PostgreSQL, Ruby, Jenkins, Git, Laravel, Cassandra, JavaScript, Terraform",40.0,103900.0,7,No,18/05/2025
2,48,Masculino,23,Principal,Grado Superior,Híbrido (Madrid),Sí,C#,Express.js,Oracle,"C++, Jira, Oracle, Pandas, Java, Docker, Express.js, C#",45.0,104600.0,10,No,18/05/2025
4,53,Masculino,10,Lead,Grado Superior,Bilbao,No,Kotlin,FastAPI,Couchbase,"C++, Dart, SonarQube, TensorFlow, Next.js, PostgreSQL, Ansible, Couchbase, Google Cloud, ELK Stack, BigQuery, Laravel, Kotlin, PyTorch, FastAPI",40.0,70800.0,5,No,18/05/2025
2,62,Femenino,17,Principal,Doctorado,Híbrido (Barcelona),Sí,Kotlin,TensorFlow,MongoDB,"Symfony, Dart, Pandas, TensorFlow, InfluxDB, Flask, Scala, MongoDB, Kotlin, Cassandra, Azure, Terraform, C#",40.0,89600.0,6,Sí,18/05/2025
3,58,Femenino,15,Principal,Grado Universitario,Remoto,Sí,Ruby,Flask,Firebase,"Flask, Ruby, Django, Swift, Kotlin, Ruby on Rails, Firebase",40.0,101300.0,10,No,18/05/2025
4,50,Femenino,20,Principal,Grado Superior,Híbrido (Barcelona),Sí,JavaScript,Flask,DynamoDB,"Symfony, DynamoDB, Flask, Django, JavaScript, Angular, Ruby on Rails",40.0,93400.0,7,No,18/05/2025
2,41,Masculino,14,Staff,Grado Superior,Las Palmas,No,R,Laravel,MongoDB,"React, Ruby, Ansible, MongoDB, Laravel, Ruby on Rails, R, Express.js, Prometheus",40.0,93900.0,6,No,18/05/2025
2,47,Masculino,14,Staff,Grado Universitario,Las Palmas,No,Scala,Ruby on Rails,Firebase,"Kubernetes, Firebase, React, Scala, MySQL, ELK Stack, Ruby on Rails, Elasticsearch, C#",40.0,80500.0,9,Sí,18/05/2025
4,55,Femenino,24,Principal,Doctorado,Remoto (Europa),Sí,Python,Django,SQL Server,"SQL Server, SonarQube, TensorFlow, Neo4j, DynamoDB, Snowflake, Django, Git, ASP.NET, Azure, Python, PyTorch, FastAPI, Prometheus",40.0,102800.0,7,Sí,18/05/2025
2,57,Masculino,8,Lead,Autodidacta,Híbrido (Madrid),Sí,Java,React,PostgreSQL,"Flutter, React, Vue.js, TensorFlow, PostgreSQL, Java, Grafana, Couchbase, C#",37.5,59000.0,4,No,18/05/2025
2,30,Masculino,3,Semisenior,Grado Universitario,Bilbao,No,Rust,TensorFlow,SQLite,"Flutter, SQLite, Kubernetes, TensorFlow, Scala, GitHub Actions, Rust, MySQL, BigQuery, ASP.NET, Laravel, Ruby on Rails",40.0,33900.0,8,No,18/05/2025
6,35,Masculino,13,Staff,Grado Universitario,Remoto (España),Sí,JavaScript,ASP.NET,MongoDB,"Confluence, Jira, Dart, Scala, MongoDB, Google Cloud, ELK Stack, ASP.NET, Go, JavaScript, Terraform",40.0,86900.0,9,No,18/05/2025
6,39,Masculino,16,Principal,Bootcamp,Madrid,No,Swift,Ruby on Rails,Elasticsearch,"Confluence, Kubernetes, Postman, PostgreSQL, Spring Boot, GitHub Actions, Swift, ELK Stack, Kotlin, TypeScript, Ruby on Rails, Express.js, Elasticsearch",40.0,103800.0,9,No,18/05/2025
4,62,Femenino,9,Lead,Grado Universitario,Remoto,Sí,Swift,Express.js,MySQL,"Symfony, Prometheus, AWS, TensorFlow, Next.js, Scala, Jenkins, MySQL, Swift, Laravel, Azure, R, Express.js, Angular",42.5,64400.0,5,Sí,18/05/2025
3,22,Masculino,0,Junior,Grado Universitario,Híbrido (Barcelona),Sí,Swift,Flutter,Couchbase,"Flutter, Symfony, SonarQube, TensorFlow, Flask, Ansible, Couchbase, Swift, ELK Stack, Ruby on Rails, FastAPI",37.5,25000.0,6,Sí,18/05/2025
3,58,Masculino,18,Principal,Grado Superior,Murcia,No,Dart,Django,MySQL,"Kubernetes, Dart, Postman, Next.js, Django, Rust, MongoDB, MySQL, ELK Stack, Elasticsearch",42.5,90100.0,8,Sí,18/05/2025
1,47,Masculino,25,Principal,Máster,Híbrido (Barcelona),Sí,R,Laravel,Snowflake,"Jira, PHP, Spring Boot, Redis, Laravel, Kotlin, Cassandra, R, Snowflake, PyTorch, Angular",40.0,108700.0,7,No,18/05/2025
2,58,Masculino,12,Staff,Grado Universitario,Zaragoza,No,PHP,Flutter,Redis,"Flutter, PHP, Oracle, TensorFlow, Ansible, Couchbase, Redis, Cassandra, Azure, Angular",55.0,83400.0,8,No,18/05/2025
4,23,Masculino,1,Junior,Grado Superior,Remoto (Europa),Sí,TypeScript,Symfony,Redis,"C++, Symfony, Kubernetes, InfluxDB, Neo4j, Google Cloud, Git, Redis, ELK Stack, TypeScript",40.0,25300.0,5,Sí,18/05/2025
79,38,Masculino,16,Principal,Grado Universitario,Remoto,Sí,TypeScript,TensorFlow,Firebase,"Firebase, TensorFlow, TypeScript",45.0,103300.0,6,No,18/05/2025
6,39,Masculino,2,Semisenior,Grado Superior,Alicante,No,Scala,Symfony,MongoDB,"Jira, Symfony, SQLite, SQL Server, AWS, SonarQube, Scala, GitHub Actions, Rust, MongoDB, Google Cloud, Ansible, ASP.NET, TypeScript, JavaScript, PyTorch",40.0,32700.0,5,No,18/05/2025
4,41,Femenino,19,Principal,Autodidacta,Zaragoza,No,Kotlin,Laravel,Cassandra,"AWS, GitHub Actions, Git, Laravel, Cassandra, Kotlin, Elasticsearch",37.5,105500.0,10,Sí,18/05/2025
2,26,Masculino,2,Semisenior,Grado Superior,Remoto,Sí,TypeScript,Spring Boot,PostgreSQL,"Vue.js, PostgreSQL, Spring Boot, Swift, Docker, Go, TypeScript, R, Snowflake, Terraform",40.0,31500.0,5,Sí,18/05/2025
1,53,Femenino,7,Senior,Bootcamp,Madrid,No,Ruby,ASP.NET,Elasticsearch,"Flask, Ruby, Jenkins, ASP.NET, Elasticsearch, Angular",35.0,53500.0,6,No,18/05/2025
6,41,Masculino,19,Principal,Grado Superior,Remoto (España),Sí,Ruby,PyTorch,Neo4j,"Confluence, Symfony, Kubernetes, Oracle, AWS, Neo4j, PostgreSQL, Ruby, Spring Boot, Ansible, ELK Stack, ASP.NET, Snowflake, PyTorch, FastAPI, Angular",35.0,94300.0,7,No,18/05/2025
1,27,Femenino,3,Semisenior,Bootcamp,Híbrido (Madrid),Sí,Go,Spring Boot,PostgreSQL,"C++, Flutter, Dart, PostgreSQL, Ruby, Spring Boot, Go",37.5,32600.0,5,Sí,18/05/2025
1,42,Masculino,11,Lead,Grado Universitario,Sevilla,No,C++,Symfony,Oracle,"C++, Symfony, Oracle, Postman, Vue.js, Java, Scala, Spring Boot, Couchbase, ASP.NET, R",40.0,73400.0,9,No,18/05/2025
6,51,Femenino,5,Senior,Grado Universitario,Madrid,No,Go,Flutter,DynamoDB,"Flutter, SQL Server, React, SonarQube, TensorFlow, DynamoDB, Vue.js, Kubernetes, AWS, GitHub Actions, Go, PyTorch, Prometheus",37.5,52100.0,7,Sí,18/05/2025
1,35,Masculino,13,Staff,Grado Superior,Remoto,Sí,Dart,Vue.js,SQL Server,"Flutter, SQLite, SQL Server, PHP, Dart, Vue.js, React, PostgreSQL, Ruby, Spring Boot, GitHub Actions, Couchbase, Go, FastAPI",45.0,93700.0,9,No,18/05/2025
3,29,No binario,7,Senior,Grado Universitario,Málaga,No,PHP,Vue.js,BigQuery,"PHP, AWS, Vue.js, Next.js, Scala, BigQuery, Go, Ruby on Rails, Terraform, FastAPI",40.0,45100.0,8,Sí,18/05/2025
6,60,Masculino,2,Semisenior,Grado Superior,Sevilla,No,R,Next.js,Couchbase,"Flutter, Jira, React, AWS, Neo4j, Next.js, Scala, GitHub Actions, Couchbase, Jenkins, MariaDB, Google Cloud, Cassandra, TypeScript, JavaScript, R, Express.js, Ruby on Rails",37.5,33600.0,4,Sí,18/05/2025
2,36,Femenino,14,Staff,Grado Superior,Madrid,No,Dart,Django,Redis,"Dart, React, SonarQube, DynamoDB, Ruby, Django, Google Cloud, Redis, R, Elasticsearch",42.5,94400.0,8,Sí,18/05/2025
3,55,Masculino,13,Staff,Grado Universitario,Málaga,No,Kotlin,FastAPI,DynamoDB,"Jira, PHP, DynamoDB, Scala, Google Cloud, Kotlin, Azure, FastAPI",40.0,72500.0,5,No,18/05/2025
1,40,Masculino,2,Semisenior,Bootcamp,Zaragoza,No,R,Spring Boot,MariaDB,"Spring Boot, GitHub Actions, MongoDB, MariaDB, Cassandra, R, Snowflake",40.0,35000.0,5,Sí,18/05/2025
1,24,Masculino,2,Semisenior,Grado Superior,Málaga,No,JavaScript,Flask,InfluxDB,"InfluxDB, AWS, Neo4j, Flask, DynamoDB, Spring Boot, MongoDB, ASP.NET, JavaScript, C#, Ruby on Rails",40.0,37500.0,6,Sí,18/05/2025
3,26,Femenino,4,Senior,Grado Universitario,Murcia,No,TypeScript,Flutter,Elasticsearch,"Flutter, React, Flask, Azure, Docker, TypeScript, Ruby on Rails, Elasticsearch, C#, Angular",40.0,48800.0,3,Sí,18/05/2025
4,40,Femenino,18,Principal,Bootcamp,Híbrido (Madrid),Sí,Rust,Laravel,Snowflake,"Confluence, PHP, React, Postman, Scala, Rust, ELK Stack, Docker, Laravel, TypeScript, Snowflake, Python, Elasticsearch",40.0,97500.0,8,Sí,18/05/2025
2,26,Femenino,3,Semisenior,Doctorado,Bilbao,No,Rust,Vue.js,Redis,"Vue.js, Snowflake, Ruby, Rust, Swift, Redis, Python",40.0,35100.0,4,Sí,18/05/2025
6,52,Masculino,13,Staff,Bootcamp,Remoto (Europa),Sí,Go,Express.js,Elasticsearch,"Jira, Kubernetes, AWS, Postman, GitHub Actions, Django, ELK Stack, Go, R, Express.js, Elasticsearch, FastAPI",42.5,83700.0,7,No,18/05/2025
4,48,Femenino,15,Principal,Máster,Alicante,No,Kotlin,Next.js,Elasticsearch,"Kubernetes, Next.js, Ruby, Grafana, Docker, Kotlin, TypeScript, R, Terraform, Elasticsearch",40.0,91300.0,8,No,18/05/2025
1,47,Femenino,24,Principal,Grado Superior,Remoto (España),Sí,Java,Ruby on Rails,Cassandra,"C++, React, Java, Google Cloud, Cassandra, TypeScript, Ruby on Rails, FastAPI",40.0,100700.0,8,No,18/05/2025
6,24,Femenino,2,Semisenior,Doctorado,Valencia,No,C++,PyTorch,Cassandra,"C++, Symfony, Flutter, InfluxDB, AWS, Confluence, Java, Jenkins, Google Cloud, Docker, ASP.NET, Laravel, Cassandra, Go, PyTorch",40.0,29900.0,7,No,18/05/2025
2,29,Femenino,7,Senior,Doctorado,Remoto (España),Sí,Dart,Next.js,Snowflake,"Dart, Express.js, Vue.js, Prometheus, Next.js, Ruby, Grafana, TypeScript, Ruby on Rails, Snowflake, Angular",40.0,51100.0,7,Sí,18/05/2025
6,29,Masculino,7,Senior,Bootcamp,Sevilla,No,Rust,Flutter,SQL Server,"Flutter, Symfony, SQL Server, SQLite, InfluxDB, Jira, DynamoDB, SonarQube, Confluence, Postman, Django, Rust, Google Cloud, Git, Kotlin",42.5,51800.0,4,Sí,18/05/2025
2,58,Femenino,0,Junior,Grado Universitario,Alicante,No,TypeScript,ASP.NET,BigQuery,"Kubernetes, TensorFlow, Next.js, PostgreSQL, Ruby, Couchbase, Jenkins, BigQuery, ASP.NET, TypeScript, C#",37.5,24600.0,5,No,18/05/2025
4,44,Femenino,7,Senior,Máster,Murcia,No,TypeScript,Vue.js,PostgreSQL,"Confluence, Symfony, Oracle, SonarQube, Vue.js, Next.js, PostgreSQL, Grafana, Jenkins, BigQuery, TypeScript, Firebase",40.0,45700.0,6,Sí,18/05/2025
6,24,Masculino,2,Semisenior,Doctorado,Híbrido (Barcelona),Sí,Scala,ASP.NET,InfluxDB,"Confluence, Kubernetes, AWS, InfluxDB, Scala, Grafana, Rust, ELK Stack, Docker, ASP.NET",45.0,34200.0,9,No,18/05/2025
6,32,Femenino,10,Lead,Máster,Remoto (Europa),Sí,PHP,Ruby on Rails,Snowflake,"Symfony, PHP, Postman, Git, Go, Ruby on Rails, Snowflake, Prometheus",40.0,64500.0,5,Sí,18/05/2025
4,50,Femenino,3,Semisenior,Grado Superior,Sevilla,No,PHP,Django,DynamoDB,"C++, Kubernetes, PHP, Vue.js, DynamoDB, PostgreSQL, Ansible, Django, Couchbase, GitHub Actions, Go, Ruby on Rails, PyTorch, FastAPI",42.5,31600.0,5,No,18/05/2025
5,40,Masculino,18,Principal,Grado Universitario,Remoto (Europa),Sí,TypeScript,ASP.NET,InfluxDB,"Flutter, PHP, InfluxDB, Prometheus, Jenkins, Azure, Docker, Google Cloud, ASP.NET, Kotlin, TypeScript, JavaScript, PyTorch, Angular, Ruby on Rails",40.0,111400.0,10,No,18/05/2025
4,30,Masculino,8,Lead,Grado Universitario,Híbrido (Barcelona),Sí,PHP,TensorFlow,DynamoDB,"Confluence, PHP, Firebase, TensorFlow, DynamoDB, Flask, SonarQube, Google Cloud, Docker, BigQuery, Snowflake, PyTorch, Angular",40.0,65900.0,7,No,18/05/2025
3,52,Masculino,15,Principal,Grado Universitario,Málaga,No,JavaScript,Pandas,Firebase,"Pandas, Vue.js, Snowflake, Java, C#, Django, Azure, ELK Stack, Docker, Kotlin, JavaScript, Express.js, Firebase",40.0,81500.0,7,Sí,18/05/2025
6,63,Masculino,16,Principal,Autodidacta,Remoto (Europa),Sí,C++,Express.js,Neo4j,"C++, Firebase, Postman, SonarQube, Neo4j, Snowflake, PostgreSQL, Rust, Docker, Express.js, C#, Prometheus",37.5,88100.0,8,Sí,18/05/2025
3,40,Masculino,14,Staff,Bootcamp,Híbrido (Madrid),Sí,Dart,TensorFlow,SQL Server,"SQL Server, Dart, TensorFlow, DynamoDB, Grafana, Google Cloud, Docker, Laravel, ASP.NET",37.5,86900.0,8,No,18/05/2025
2,50,Femenino,13,Staff,Grado Universitario,Bilbao,No,Ruby,ASP.NET,SQL Server,"SQL Server, Postman, Ruby, Swift, ASP.NET, Terraform",40.0,90800.0,9,Sí,18/05/2025
3,56,Masculino,23,Principal,Doctorado,Bilbao,No,Ruby,Ruby on Rails,PostgreSQL,"Kubernetes, Firebase, InfluxDB, TensorFlow, PostgreSQL, Ruby, Ansible, Git, Redis, ASP.NET, Ruby on Rails, C#, JavaScript",42.5,98700.0,9,No,18/05/2025
1,55,Masculino,22,Principal,Grado Universitario,Zaragoza,No,Scala,Flask,Firebase,"SQL Server, Firebase, Vue.js, Flask, Scala, Django, GitHub Actions, Laravel, Go, C#, FastAPI",40.0,99900.0,6,No,18/05/2025
1,24,Femenino,2,Semisenior,Máster,Bilbao,No,C++,FastAPI,Firebase,"C++, Kubernetes, Java, Ruby, Spring Boot, Django, Ruby on Rails, Firebase, FastAPI",40.0,31700.0,6,No,18/05/2025
6,31,Femenino,9,Lead,Grado Superior,Híbrido (Barcelona),Sí,C#,Laravel,MongoDB,"Flutter, Confluence, Dart, AWS, Scala, GitHub Actions, MongoDB, Swift, Google Cloud, Jenkins, Docker, Laravel, TypeScript, C#",45.0,57700.0,6,No,18/05/2025
2,30,Masculino,8,Lead,Bootcamp,Alicante,No,C#,Flask,MySQL,"Symfony, Prometheus, Flask, Ruby, Jenkins, MySQL, Ruby on Rails, R, Elasticsearch, C#, Angular",55.0,55800.0,7,No,18/05/2025
2,61,Femenino,12,Staff,Máster,Remoto (Europa),Sí,Dart,Express.js,PostgreSQL,"C++, Dart, Postman, SonarQube, PostgreSQL, ASP.NET, Express.js, Python",40.0,91700.0,6,Sí,18/05/2025
5,55,Masculino,20,Principal,Autodidacta,Remoto (España),Sí,Java,FastAPI,PostgreSQL,"Symfony, InfluxDB, AWS, Vue.js, SonarQube, PostgreSQL, Java, Spring Boot, Jenkins, Swift, C#, FastAPI, Prometheus",55.0,99200.0,6,Sí,18/05/2025
2,52,Masculino,4,Senior,Bootcamp,Híbrido (Madrid),Sí,Scala,Laravel,BigQuery,"SQL Server, Flask, Ruby, Scala, Django, Redis, BigQuery, Laravel, TypeScript, Python, C#",37.5,45500.0,7,Sí,18/05/2025
2,22,Masculino,0,Junior,Grado Superior,Híbrido (Barcelona),Sí,Dart,Express.js,MariaDB,"Symfony, Dart, MariaDB, ELK Stack, Redis, Azure, Express.js",40.0,23600.0,8,No,18/05/2025
3,43,Masculino,14,Staff,Grado Universitario,Zaragoza,No,Dart,Angular,Couchbase,"Kubernetes, PHP, Dart, Vue.js, InfluxDB, AWS, Couchbase, MongoDB, Docker, Laravel, Ruby on Rails, Angular",42.5,75200.0,8,No,18/05/2025
4,28,Femenino,6,Senior,Grado Universitario,Málaga,No,Rust,Next.js,Cassandra,"Confluence, SonarQube, Next.js, Ansible, Rust, Cassandra",60.0,45000.0,6,No,18/05/2025
3,40,Masculino,1,Junior,Autodidacta,Remoto (España),Sí,Java,Spring Boot,BigQuery,"C++, Vue.js, Java, Spring Boot, Ruby, GitHub Actions, MariaDB, BigQuery, ASP.NET, Azure, Snowflake",40.0,20700.0,6,No,18/05/2025
5,65,Femenino,16,Principal,Grado Universitario,Híbrido (Barcelona),Sí,Scala,Spring Boot,DynamoDB,"React, InfluxDB, DynamoDB, Spring Boot, Scala, Ansible, MongoDB, Azure, ELK Stack, Docker, Cassandra, Ruby on Rails, Express.js, Prometheus",40.0,97300.0,9,No,18/05/2025
6,61,Masculino,21,Principal,Máster,Las Palmas,No,R,Pandas,Snowflake,"C++, React, Pandas, TensorFlow, Postman, Ansible, GitHub Actions, ELK Stack, Git, Google Cloud, Laravel, R, Snowflake, C#",40.0,108300.0,9,No,18/05/2025
6,48,Masculino,3,Semisenior,Grado Superior,Remoto (Europa),Sí,Dart,Spring Boot,Cassandra,"Jira, Dart, AWS, TensorFlow, Spring Boot, Ansible, Grafana, Jenkins, Docker, ASP.NET, Cassandra, Ruby on Rails, Elasticsearch, PyTorch, Angular",40.0,30700.0,4,Sí,18/05/2025
1,24,Femenino,1,Junior,Autodidacta,Remoto,Sí,Java,FastAPI,PostgreSQL,"PHP, React, PostgreSQL, Java, ASP.NET, FastAPI",50.0,21000.0,7,No,18/05/2025
3,36,Masculino,14,Staff,Grado Universitario,Barcelona,No,R,Flutter,Redis,"Flutter, Kubernetes, Vue.js, Flask, GitHub Actions, Redis, Kotlin, Go, R, Terraform, PyTorch, Angular",45.0,79100.0,8,No,18/05/2025
3,41,Masculino,3,Semisenior,Autodidacta,Alicante,No,PHP,Spring Boot,Cassandra,"Confluence, SQL Server, PHP, TensorFlow, Java, Spring Boot, Google Cloud, Docker, Cassandra",40.0,33800.0,8,No,18/05/2025
5,45,No binario,11,Lead,Autodidacta,Zaragoza,No,Rust,React,BigQuery,"SQL Server, React, TensorFlow, Snowflake, Ruby, Spring Boot, Grafana, Rust, Couchbase, Swift, Jenkins, BigQuery, ASP.NET, Azure, Python, PyTorch",40.0,69800.0,5,Sí,18/05/2025
2,31,Masculino,8,Lead,Bootcamp,Remoto (Europa),Sí,Ruby,React,Elasticsearch,"React, Ruby, C#, Django, Kotlin, R, Python, Elasticsearch, PyTorch",37.5,65900.0,8,Sí,18/05/2025
3,53,No binario,17,Principal,Grado Universitario,Remoto (Europa),Sí,Swift,Ruby on Rails,Cassandra,"Spring Boot, Ansible, Swift, BigQuery, ASP.NET, Kotlin, Cassandra, Ruby on Rails, Terraform, Prometheus, JavaScript",37.5,91300.0,8,Sí,18/05/2025
5,29,Masculino,6,Senior,Grado Universitario,Bilbao,No,C#,PyTorch,SQL Server,"SQL Server, Spring Boot, Angular, Grafana, GitHub Actions, Swift, Google Cloud, Docker, JavaScript, Express.js, C#, FastAPI, PyTorch, Ruby on Rails",40.0,49800.0,6,No,18/05/2025
5,50,Masculino,5,Senior,Bootcamp,Barcelona,No,Scala,Angular,MongoDB,"Flutter, Confluence, React, DynamoDB, Flask, Next.js, Java, Scala, Grafana, GitHub Actions, MongoDB, Swift, Angular",37.5,48400.0,8,Sí,18/05/2025
2,57,Femenino,24,Principal,Grado Superior,Remoto,Sí,Go,ASP.NET,MongoDB,"Symfony, Postman, Vue.js, Next.js, Ruby, Ansible, Django, Couchbase, MongoDB, ASP.NET, Go, Snowflake, FastAPI",40.0,99200.0,6,Sí,18/05/2025
1,39,Masculino,17,Principal,Grado Universitario,Híbrido (Madrid),Sí,TypeScript,ASP.NET,BigQuery,"SQLite, Postman, Rust, BigQuery, ASP.NET, TypeScript, Firebase",40.0,106300.0,9,No,18/05/2025
6,33,Masculino,11,Lead,Autodidacta,Remoto (Europa),Sí,C#,FastAPI,Redis,"Postman, Vue.js, Ansible, Django, Rust, Jenkins, Swift, Google Cloud, Redis, ASP.NET, Cassandra, Express.js, C#, FastAPI",40.0,70000.0,5,No,18/05/2025
5,57,Masculino,9,Lead,Máster,Remoto,Sí,Java,Express.js,Firebase,"SQLite, Java, Ansible, Django, Grafana, Git, Docker, R, Express.js, Firebase",40.0,55200.0,7,Sí,18/05/2025
1,44,Masculino,6,Senior,Grado Superior,Barcelona,No,C++,PyTorch,SQLite,"C++, SQLite, PyTorch, FastAPI",45.0,52600.0,7,No,18/05/2025
3,37,Femenino,8,Lead,Bootcamp,Sevilla,No,TypeScript,Ruby on Rails,SQL Server,"SQL Server, InfluxDB, Neo4j, Ruby, ASP.NET, TypeScript, Ruby on Rails, Snowflake, FastAPI",40.0,71000.0,7,No,18/05/2025
2,23,Masculino,1,Junior,Grado Superior,Madrid,No,Kotlin,PyTorch,MongoDB,"SQLite, Next.js, Ansible, MongoDB, MariaDB, Docker, ASP.NET, Kotlin, Ruby on Rails, PyTorch",40.0,20600.0,6,Sí,18/05/2025
1,45,Prefiero no decirlo,5,Senior,Grado Superior,Híbrido (Madrid),Sí,Java,React,InfluxDB,"React, InfluxDB, Neo4j, Java, Azure, Firebase",40.0,45400.0,8,Sí,18/05/2025
2,26,Masculino,4,Senior,Grado Universitario,Valencia,No,Java,PyTorch,BigQuery,"Java, Spring Boot, MongoDB, Google Cloud, Redis, BigQuery, ASP.NET, Kotlin, Cassandra, Azure, R, Python, PyTorch, Angular",42.5,42100.0,7,No,18/05/2025
6,63,Masculino,9,Lead,Máster,Las Palmas,No,Kotlin,Flutter,Neo4j,"Flutter, Express.js, SonarQube, TensorFlow, Neo4j, Snowflake, Grafana, Swift, Git, Redis, Kotlin, TypeScript, Ruby on Rails, Python, Terraform, FastAPI, Angular",45.0,67900.0,6,Sí,18/05/2025
2,33,Masculino,0,Junior,Grado Universitario,Bilbao,No,Python,Angular,MariaDB,"PHP, Express.js, Postman, Spring Boot, MariaDB, Google Cloud, Go, Python, Angular",35.0,24100.0,1,Sí,18/05/2025
1,39,Masculino,7,Senior,Bootcamp,Zaragoza,No,Ruby,Express.js,MariaDB,"C++, Dart, Ruby, Scala, Couchbase, MariaDB, Express.js, FastAPI",35.0,55800.0,8,No,18/05/2025
2,64,Femenino,21,Principal,Grado Universitario,Remoto,Sí,Scala,Next.js,DynamoDB,"Flutter, Kubernetes, React, DynamoDB, Next.js, Scala, Jenkins, Ruby on Rails, Snowflake, FastAPI",40.0,108600.0,7,Sí,18/05/2025
2,42,Masculino,7,Senior,Bootcamp,Remoto (Europa),Sí,R,Laravel,Cassandra,"InfluxDB, TensorFlow, Spring Boot, MongoDB, Laravel, Cassandra, R",35.0,48300.0,4,Sí,18/05/2025
3,44,Femenino,21,Principal,Grado Superior,Remoto (Europa),Sí,Java,Spring Boot,Elasticsearch,"SQLite, Firebase, Pandas, PostgreSQL, Java, Spring Boot, Elasticsearch, Angular",40.0,93800.0,7,No,18/05/2025
4,43,Masculino,21,Principal,Grado Superior,Alicante,No,Go,Flutter,Firebase,"Flutter, SQLite, SonarQube, Vue.js, Ansible, GitHub Actions, MariaDB, Go, Azure, Firebase",45.0,101700.0,10,No,18/05/2025
6,51,Masculino,19,Principal,Grado Universitario,Zaragoza,No,Dart,Pandas,Firebase,"Flutter, Dart, Pandas, React, Postman, Java, Scala, Django, Couchbase, ELK Stack, Firebase, FastAPI, Prometheus",40.0,100000.0,8,No,18/05/2025
3,62,Masculino,5,Senior,Grado Superior,Sevilla,No,PHP,Next.js,MongoDB,"Oracle, PHP, Next.js, MongoDB, Cassandra",40.0,41700.0,6,No,18/05/2025
3,53,Masculino,3,Semisenior,Bootcamp,Híbrido (Barcelona),Sí,PHP,Ruby on Rails,Elasticsearch,"PHP, Postman, SonarQube, Next.js, Scala, Rust, Jenkins, Laravel, Ruby on Rails, Python, Elasticsearch, FastAPI",42.5,31300.0,7,Sí,18/05/2025
5,53,No binario,16,Principal,Grado Superior,Madrid,No,PHP,Laravel,Oracle,"Kubernetes, Oracle, PHP, AWS, Snowflake, Ansible, Grafana, Swift, Laravel, Go, TypeScript, Express.js, Terraform, C#, FastAPI",60.0,91700.0,5,Sí,18/05/2025
1,57,Masculino,7,Senior,Autodidacta,Valencia,No,Scala,Flutter,Snowflake,"Flutter, C++, SQL Server, Dart, TensorFlow, Java, Scala, Ansible, MongoDB, MariaDB, TypeScript, Ruby on Rails, Snowflake",40.0,53000.0,6,Sí,18/05/2025
1,56,Masculino,14,Staff,Grado Universitario,Remoto (Europa),Sí,Python,Ruby on Rails,Firebase,"C++, Symfony, Git, Redis, Laravel, Ruby on Rails, Python, Firebase, FastAPI, PyTorch",35.0,82500.0,6,Sí,18/05/2025
6,58,Femenino,23,Principal,Grado Superior,Valencia,No,Java,Symfony,Elasticsearch,"Symfony, Oracle, Postman, AWS, Java, MariaDB, Git, Google Cloud, Azure, Cassandra, TypeScript, Ruby on Rails, Elasticsearch",45.0,109700.0,8,No,18/05/2025
4,29,Femenino,7,Senior,Máster,Remoto (Europa),Sí,C++,Symfony,Snowflake,"C++, Symfony, SQL Server, Oracle, Kubernetes, Vue.js, Confluence, Ruby, GitHub Actions, Go, Azure, R, Snowflake, Elasticsearch, FastAPI",40.0,43500.0,7,Sí,18/05/2025
5,37,Masculino,10,Lead,Bootcamp,Zaragoza,No,C++,Flask,PostgreSQL,"C++, Jira, Kubernetes, Flask, PostgreSQL, Ruby, Rust, ASP.NET, Go, TypeScript, Firebase, Prometheus",40.0,62900.0,9,No,18/05/2025
2,56,Masculino,0,Junior,Grado Universitario,Remoto (Europa),Sí,Go,Next.js,SQL Server,"SQL Server, Oracle, Vue.js, Next.js, Spring Boot, Grafana, Rust, Docker, Go, R, C#",42.5,20300.0,4,Sí,18/05/2025
1,33,Masculino,11,Lead,Grado Superior,Híbrido (Barcelona),Sí,Rust,React,Firebase,"Jira, PHP, React, Pandas, TensorFlow, Java, Scala, Rust, Laravel, Ruby on Rails, Firebase",40.0,73200.0,7,Sí,18/05/2025
3,39,Femenino,17,Principal,Doctorado,Murcia,No,Python,Laravel,Cassandra,"Jira, Symfony, React, SonarQube, Flask, GitHub Actions, Laravel, Cassandra, Python, Angular",40.0,105300.0,10,No,18/05/2025
1,44,Masculino,5,Senior,Grado Superior,Híbrido (Barcelona),Sí,Java,Vue.js,Snowflake,"PHP, Postman, Vue.js, Neo4j, Java, Snowflake, Angular",40.0,51700.0,7,No,18/05/2025
5,46,Masculino,17,Principal,Grado Superior,Remoto,Sí,Ruby,Ruby on Rails,Neo4j,"SQLite, Neo4j, Ruby, GitHub Actions, ELK Stack, Git, Ruby on Rails, Express.js, Terraform, Prometheus",42.5,109200.0,6,No,18/05/2025
3,61,Femenino,15,Principal,Grado Universitario,Híbrido (Madrid),Sí,JavaScript,Angular,Oracle,"Kubernetes, PHP, Oracle, DynamoDB, Ruby, Ansible, Git, BigQuery, Go, JavaScript, Angular",40.0,82800.0,8,No,18/05/2025
3,25,Masculino,3,Semisenior,Grado Superior,Valencia,No,Python,ASP.NET,MySQL,"C++, Vue.js, Snowflake, Flask, Neo4j, Java, Django, Rust, MySQL, MariaDB, ASP.NET, Python, PyTorch",40.0,33300.0,6,Sí,18/05/2025
6,24,Masculino,2,Semisenior,Doctorado,Remoto (España),Sí,Ruby,TensorFlow,MariaDB,"Confluence, Jira, Kubernetes, Postman, TensorFlow, Ruby, Java, Django, Jenkins, MariaDB, JavaScript",37.5,36900.0,5,No,18/05/2025
3,44,Femenino,16,Principal,Grado Universitario,Madrid,No,Swift,Express.js,SQLite,"SQLite, DynamoDB, Java, Scala, MongoDB, Swift, Redis, Go, Express.js",37.5,93500.0,8,No,18/05/2025
3,28,Masculino,5,Senior,Bootcamp,Zaragoza,No,R,Ruby on Rails,SQL Server,"C++, SQL Server, Kubernetes, Ansible, Rust, Swift, MySQL, Redis, Git, Kotlin, Ruby on Rails, R",45.0,49500.0,8,No,18/05/2025
1,47,Masculino,12,Staff,Grado Universitario,Alicante,No,Python,Flutter,Oracle,"Flutter, Oracle, Snowflake, Rust, Couchbase, Docker, Go, R, Python, PyTorch",42.5,70600.0,8,No,18/05/2025
3,43,Femenino,10,Lead,Grado Universitario,Híbrido (Madrid),Sí,Dart,Laravel,Cassandra,"Dart, Django, Grafana, Jenkins, Git, Laravel, Cassandra",50.0,62700.0,6,No,18/05/2025
6,25,Masculino,3,Semisenior,Bootcamp,Alicante,No,Java,Vue.js,Snowflake,"Jira, SQLite, Kubernetes, Vue.js, Java, Google Cloud, ELK Stack, Docker, Azure, Snowflake, Elasticsearch",42.5,33500.0,5,Sí,18/05/2025
3,54,Femenino,15,Principal,Máster,Murcia,No,PHP,Ruby on Rails,SQL Server,"C++, SQL Server, PHP, Pandas, TensorFlow, Neo4j, AWS, PostgreSQL, Ansible, Django, Google Cloud, Laravel, Ruby on Rails",50.0,86300.0,10,No,18/05/2025
4,33,Masculino,8,Lead,Grado Universitario,Híbrido (Madrid),Sí,TypeScript,ASP.NET,SQLite,"Jira, SQLite, Oracle, SonarQube, TensorFlow, Neo4j, Google Cloud, ASP.NET, TypeScript, Terraform",40.0,64600.0,7,No,18/05/2025
2,65,Masculino,2,Semisenior,Grado Superior,Barcelona,No,Go,Symfony,Redis,"Symfony, AWS, Postman, Ruby, Scala, Rust, Couchbase, Redis, Go",40.0,37900.0,6,Sí,18/05/2025
2,53,Masculino,16,Principal,Grado Superior,Barcelona,No,Scala,Pandas,Snowflake,"SQLite, Pandas, SonarQube, Flask, Scala, Google Cloud, Ruby on Rails, Snowflake",40.0,103600.0,10,No,18/05/2025
2,32,Masculino,7,Senior,Grado Universitario,Remoto (España),Sí,PHP,Flask,Snowflake,"PHP, Flask, Jenkins, Docker, TypeScript, Snowflake, Python, C#, Angular",45.0,54300.0,7,No,18/05/2025
2,23,Masculino,1,Junior,Grado Universitario,Las Palmas,No,PHP,ASP.NET,MariaDB,"Symfony, PHP, SonarQube, Postman, Scala, Couchbase, MariaDB, Swift, MySQL, ASP.NET, TypeScript, R",42.5,20300.0,6,Sí,18/05/2025
3,42,No binario,13,Staff,Doctorado,Barcelona,No,Swift,TensorFlow,Oracle,"Jira, Kubernetes, Oracle, TensorFlow, Java, Ruby, Spring Boot, MongoDB, Swift, Redis, Go, C#",37.5,83500.0,5,Sí,18/05/2025
2,31,Masculino,9,Lead,Grado Universitario,Remoto (Europa),Sí,Go,ASP.NET,Redis,"PHP, TensorFlow, Flask, GitHub Actions, Git, Redis, ASP.NET, Go, FastAPI",45.0,72300.0,7,No,18/05/2025
1,35,Masculino,13,Staff,Autodidacta,Murcia,No,Java,Django,MariaDB,"Symfony, PHP, Java, Spring Boot, Django, Couchbase, Grafana, MariaDB, R, C#, FastAPI",40.0,91000.0,7,Sí,18/05/2025
2,40,Femenino,18,Principal,Autodidacta,Bilbao,No,Go,PyTorch,MongoDB,"Pandas, Spring Boot, MongoDB, Google Cloud, Go, TypeScript, Ruby on Rails, PyTorch, FastAPI",40.0,105400.0,7,No,18/05/2025
6,52,Masculino,15,Principal,Grado Universitario,Málaga,No,Rust,FastAPI,InfluxDB,"Confluence, Kubernetes, InfluxDB, Pandas, Vue.js, Postman, Flask, GitHub Actions, Rust, Google Cloud, Laravel, Kotlin, Azure, FastAPI, Angular",40.0,106000.0,6,Sí,18/05/2025
3,46,Femenino,23,Principal,Máster,Híbrido (Madrid),Sí,Go,Vue.js,MySQL,"Postman, Vue.js, Ruby, MySQL, Go, Ruby on Rails, Prometheus",40.0,100800.0,8,No,18/05/2025
2,58,Masculino,16,Principal,Bootcamp,Barcelona,No,Scala,Angular,MariaDB,"TensorFlow, Next.js, Java, Scala, Rust, MariaDB, BigQuery, Kotlin, Cassandra, PyTorch, Angular",40.0,93300.0,7,Sí,18/05/2025
3,46,Femenino,11,Lead,Grado Superior,Barcelona,No,C++,Next.js,MongoDB,"C++, SQL Server, Oracle, Pandas, TensorFlow, Neo4j, Next.js, Spring Boot, MongoDB, Laravel",40.0,71700.0,5,No,18/05/2025
4,24,Masculino,2,Semisenior,Bootcamp,Valencia,No,JavaScript,Symfony,PostgreSQL,"Symfony, AWS, Vue.js, Next.js, PostgreSQL, GitHub Actions, Git, Docker, Laravel, JavaScript",40.0,35500.0,6,Sí,18/05/2025
2,27,Masculino,5,Senior,Máster,Murcia,No,Python,Angular,Firebase,"SQL Server, Ansible, Google Cloud, Kotlin, Python, Elasticsearch, Firebase, Angular",45.0,45600.0,8,No,18/05/2025
4,30,Masculino,5,Senior,Doctorado,Remoto (España),Sí,Scala,Express.js,MySQL,"Vue.js, Next.js, Scala, MySQL, Express.js, Python, PyTorch, Angular",40.0,43900.0,8,No,18/05/2025
5,60,Masculino,11,Lead,Grado Superior,Remoto,Sí,R,Next.js,SQL Server,"Jira, SQL Server, Dart, SonarQube, Postman, Next.js, Jenkins, Git, JavaScript, R, Python",40.0,61600.0,8,No,18/05/2025
3,47,Femenino,17,Principal,Grado Superior,Las Palmas,No,Python,ASP.NET,MongoDB,"C++, Symfony, SonarQube, Flask, Ansible, Rust, MongoDB, Jenkins, Redis, BigQuery, ASP.NET, Laravel, Python, C#",42.5,107400.0,9,No,18/05/2025
4,42,Masculino,3,Semisenior,Grado Superior,Remoto,Sí,Go,Ruby on Rails,MariaDB,"Flutter, Neo4j, Ansible, Django, Jenkins, MariaDB, ELK Stack, BigQuery, ASP.NET, Go, Ruby on Rails, Terraform, Angular",40.0,31900.0,4,Sí,18/05/2025
1,28,Masculino,6,Senior,Grado Universitario,Las Palmas,No,Dart,Flask,MySQL,"Dart, Pandas, Flask, Java, Django, Swift, MySQL, ELK Stack, FastAPI",55.0,51600.0,7,No,18/05/2025
2,54,Masculino,22,Principal,Máster,Murcia,No,Java,Pandas,SQLite,"SQLite, Express.js, Pandas, React, PostgreSQL, Java, Jenkins, ELK Stack, Kotlin, Go, Python",35.0,115400.0,6,Sí,18/05/2025
3,63,Masculino,3,Semisenior,Grado Universitario,Madrid,No,R,Flask,Redis,"C++, Flutter, Dart, React, AWS, Flask, Scala, Spring Boot, GitHub Actions, Grafana, Redis, Ruby on Rails, R",35.0,36400.0,5,Sí,18/05/2025
5,46,Femenino,17,Principal,Máster,Barcelona,No,Rust,Flutter,DynamoDB,"Flutter, PHP, Pandas, DynamoDB, Flask, Grafana, Rust, MongoDB, MariaDB, Git, Laravel, Python, Terraform",40.0,101900.0,8,No,18/05/2025
5,52,Femenino,22,Principal,Grado Universitario,Híbrido (Barcelona),Sí,JavaScript,FastAPI,PostgreSQL,"Confluence, Symfony, SQL Server, React, PostgreSQL, Grafana, Jenkins, ELK Stack, JavaScript, Express.js, FastAPI, Prometheus",40.0,115600.0,7,Sí,18/05/2025
4,44,Femenino,6,Senior,Grado Superior,Las Palmas,No,C++,TensorFlow,Oracle,"C++, Jira, Oracle, AWS, TensorFlow, Django, Rust, Jenkins, Docker, ASP.NET, Laravel",40.0,44100.0,7,No,18/05/2025
6,34,Femenino,5,Senior,Grado Universitario,Sevilla,No,JavaScript,Flask,PostgreSQL,"Express.js, Postman, SonarQube, DynamoDB, Flask, PostgreSQL, Google Cloud, Git, TypeScript, JavaScript, Python, Elasticsearch",42.5,45600.0,3,Sí,18/05/2025
2,59,Femenino,6,Senior,Grado Universitario,Murcia,No,JavaScript,ASP.NET,Cassandra,"Next.js, Grafana, Git, ASP.NET, Cassandra, JavaScript, Firebase",40.0,51900.0,6,No,18/05/2025
2,59,Masculino,7,Senior,Autodidacta,Madrid,No,Java,Express.js,MySQL,"AWS, InfluxDB, Java, MySQL, Azure, Express.js",42.5,53900.0,8,Sí,18/05/2025
3,47,Masculino,25,Principal,Grado Universitario,Bilbao,No,R,ASP.NET,Snowflake,"InfluxDB, Neo4j, Couchbase, ASP.NET, Kotlin, R, Snowflake, C#",45.0,123500.0,9,No,18/05/2025
5,61,Masculino,22,Principal,Grado Superior,Híbrido (Barcelona),Sí,Scala,Flask,Elasticsearch,"Confluence, Oracle, Pandas, AWS, Flask, Next.js, Scala, Django, GitHub Actions, Docker, ASP.NET, Azure, Express.js, Elasticsearch",55.0,108500.0,8,Sí,18/05/2025
3,63,Masculino,19,Principal,Grado Universitario,Híbrido (Barcelona),Sí,C++,FastAPI,Elasticsearch,"C++, Flutter, Kubernetes, Oracle, Django, Swift, MySQL, Cassandra, Go, Azure, Elasticsearch, FastAPI, Prometheus",40.0,92600.0,6,No,18/05/2025
5,28,Masculino,6,Senior,Bootcamp,Alicante,No,Scala,Ruby on Rails,Snowflake,"Kubernetes, AWS, Next.js, Scala, Spring Boot, Grafana, GitHub Actions, Swift, Google Cloud, BigQuery, Kotlin, Cassandra, Ruby on Rails, Snowflake, JavaScript",37.5,43800.0,4,Sí,18/05/2025
4,63,Masculino,2,Semisenior,Grado Universitario,Bilbao,No,Kotlin,Angular,BigQuery,"Jira, Symfony, AWS, Postman, Spring Boot, Docker, BigQuery, ASP.NET, Kotlin, Ruby on Rails, Python, Angular",35.0,33600.0,6,No,18/05/2025
1,51,Masculino,18,Principal,Grado Universitario,Bilbao,No,JavaScript,Angular,Elasticsearch,"Symfony, SQLite, Firebase, Prometheus, Vue.js, Scala, C#, Couchbase, ASP.NET, TypeScript, JavaScript, Python, Elasticsearch, Angular",42.5,109300.0,10,No,18/05/2025
6,48,Masculino,19,Principal,Bootcamp,Bilbao,No,Ruby,Django,Cassandra,"Jira, Confluence, Ruby, GitHub Actions, Django, MySQL, Docker, BigQuery, Cassandra, Prometheus",50.0,90400.0,9,No,18/05/2025
6,26,Masculino,1,Junior,Grado Superior,Híbrido (Barcelona),Sí,Swift,Pandas,SQL Server,"SQL Server, Kubernetes, Pandas, Neo4j, Ansible, Swift, Google Cloud, TypeScript, Azure, C#, Prometheus",37.5,24300.0,4,Sí,18/05/2025
3,31,Masculino,9,Lead,Grado Superior,Remoto,Sí,PHP,Angular,MongoDB,"Symfony, PHP, React, Neo4j, Flask, Rust, MongoDB, MySQL, Go, Express.js, FastAPI, Angular",40.0,69500.0,9,No,18/05/2025
4,24,Femenino,2,Semisenior,Máster,Híbrido (Barcelona),Sí,Kotlin,Flask,SQL Server,"SQL Server, React, InfluxDB, SonarQube, Flask, Java, MariaDB, ELK Stack, Git, Docker, Kotlin, Elasticsearch",42.5,36900.0,7,Sí,18/05/2025
5,30,Masculino,8,Lead,Grado Universitario,Madrid,No,Ruby,Laravel,Couchbase,"C++, SonarQube, DynamoDB, Ruby, Spring Boot, Couchbase, Jenkins, Git, Laravel, TypeScript, Elasticsearch",50.0,60700.0,8,No,18/05/2025
1,30,Femenino,8,Lead,Grado Universitario,Zaragoza,No,Go,Spring Boot,Couchbase,"Symfony, SQL Server, Spring Boot, Django, Couchbase, Kotlin, Go, Express.js",37.5,60500.0,6,Sí,18/05/2025
2,47,Masculino,24,Principal,Máster,Alicante,No,Python,ASP.NET,InfluxDB,"C++, InfluxDB, SonarQube, Swift, MariaDB, Redis, ASP.NET, Python, Prometheus",40.0,101700.0,8,No,18/05/2025
1,51,Masculino,7,Senior,Máster,Madrid,No,Ruby,Angular,Oracle,"PHP, Oracle, Vue.js, Flask, Ruby, Java, BigQuery, ASP.NET, Angular",37.5,54800.0,8,No,18/05/2025
4,50,Femenino,4,Senior,Máster,Zaragoza,No,Ruby,Ruby on Rails,BigQuery,"SQLite, Kubernetes, Neo4j, Ruby, Jenkins, Git, BigQuery, Ruby on Rails, Firebase, JavaScript",40.0,44500.0,4,No,18/05/2025
4,60,Masculino,7,Senior,Grado Universitario,Murcia,No,C++,Vue.js,PostgreSQL,"C++, Flutter, Confluence, Vue.js, PostgreSQL, Java, Scala, Spring Boot, Docker, Azure, R, Prometheus",40.0,55100.0,8,Sí,18/05/2025
3,59,Femenino,2,Semisenior,Doctorado,Valencia,No,C++,Laravel,MongoDB,"C++, React, Postman, TensorFlow, Spring Boot, GitHub Actions, MongoDB, Jenkins, Laravel, Express.js, PyTorch",40.0,35700.0,6,No,18/05/2025
3,39,Masculino,17,Principal,Grado Universitario,Barcelona,No,Go,Next.js,BigQuery,"SQL Server, Next.js, Ansible, Grafana, MariaDB, BigQuery, Go",45.0,88700.0,9,No,18/05/2025
4,50,Masculino,1,Junior,Grado Universitario,Sevilla,No,Scala,FastAPI,InfluxDB,"InfluxDB, Oracle, AWS, Scala, Ansible, Rust, Jenkins, Kotlin, Azure, FastAPI",37.5,22300.0,2,Sí,18/05/2025
1,49,Femenino,21,Principal,Máster,Remoto (Europa),Sí,Ruby,Express.js,Couchbase,"Jira, Dart, Next.js, Ruby, Scala, Django, Couchbase, Spring Boot, JavaScript, Express.js, PyTorch",40.0,101400.0,9,No,18/05/2025
5,24,Masculino,2,Semisenior,Máster,Remoto,Sí,Java,Django,Cassandra,"Flutter, Confluence, AWS, TensorFlow, DynamoDB, Next.js, Java, Ruby, Django, Couchbase, MySQL, ELK Stack, Google Cloud, Cassandra, Azure",40.0,38000.0,2,Sí,18/05/2025
5,40,Masculino,2,Semisenior,Doctorado,Híbrido (Madrid),Sí,R,React,Snowflake,"Kubernetes, React, Postman, AWS, Ruby, MariaDB, Google Cloud, Docker, R, Snowflake, FastAPI",40.0,36100.0,7,No,18/05/2025
5,55,Masculino,14,Staff,Grado Universitario,Murcia,No,JavaScript,Next.js,Elasticsearch,"Confluence, Kubernetes, AWS, Postman, DynamoDB, Next.js, Docker, JavaScript, Elasticsearch",40.0,79200.0,7,No,18/05/2025
1,30,Masculino,6,Senior,Grado Universitario,Alicante,No,JavaScript,Django,MySQL,"Oracle, SonarQube, Django, MySQL, JavaScript",42.5,53300.0,6,Sí,18/05/2025
4,58,Masculino,0,Junior,Grado Universitario,Remoto (España),Sí,Go,PyTorch,MariaDB,"Confluence, Jira, Kubernetes, Django, MariaDB, Go, R, Terraform, C#, PyTorch",40.0,20800.0,5,Sí,18/05/2025
2,56,Prefiero no decirlo,9,Lead,Grado Superior,Remoto,Sí,Ruby,Flutter,BigQuery,"Flutter, React, Prometheus, Ruby, Java, Jenkins, BigQuery, Laravel, FastAPI, Angular",40.0,67200.0,8,Sí,18/05/2025
4,25,Masculino,3,Semisenior,Grado Superior,Bilbao,No,C++,Vue.js,DynamoDB,"C++, Symfony, Vue.js, DynamoDB, Next.js, ASP.NET, Laravel",45.0,31400.0,6,No,18/05/2025
3,26,Masculino,4,Senior,Grado Universitario,Sevilla,No,Java,ASP.NET,BigQuery,"Symfony, Dart, Postman, TensorFlow, Vue.js, Next.js, Java, Swift, Google Cloud, BigQuery, ASP.NET, Prometheus",40.0,44400.0,4,No,18/05/2025
4,52,Masculino,11,Lead,Grado Universitario,Zaragoza,No,Rust,Express.js,SQL Server,"C++, Jira, SQL Server, DynamoDB, Scala, GitHub Actions, Rust, Docker, Redis, Laravel, Kotlin, Express.js",40.0,59800.0,8,No,18/05/2025
2,40,No binario,2,Semisenior,Autodidacta,Madrid,No,Java,FastAPI,MongoDB,"PHP, PostgreSQL, Java, MongoDB, Redis, ASP.NET, Express.js, FastAPI",40.0,38200.0,5,Sí,18/05/2025
1,24,Femenino,2,Semisenior,Grado Universitario,Remoto,Sí,Scala,Spring Boot,SQL Server,"SQLite, SQL Server, Pandas, Spring Boot, Scala, Jenkins, MySQL, Firebase",40.0,29700.0,4,Sí,18/05/2025
4,40,Masculino,18,Principal,Grado Superior,Híbrido (Madrid),Sí,Swift,React,Elasticsearch,"C++, Symfony, SQL Server, React, InfluxDB, Oracle, AWS, Spring Boot, GitHub Actions, Rust, Swift, Azure, JavaScript, Elasticsearch",42.5,90800.0,10,No,18/05/2025
4,41,Masculino,19,Principal,Grado Superior,Valencia,No,Dart,Pandas,PostgreSQL,"Dart, Pandas, Flask, PostgreSQL, GitHub Actions, Ansible, Google Cloud, Azure, Redis, Laravel, Ruby on Rails, Express.js, Firebase, FastAPI",45.0,111700.0,8,No,18/05/2025
2,23,Femenino,1,Junior,Grado Superior,Remoto (Europa),Sí,JavaScript,React,Redis,"JavaScript, Redis, React, DynamoDB",42.5,21700.0,6,No,18/05/2025
2,34,Masculino,12,Staff,Grado Universitario,Málaga,No,Rust,Angular,MariaDB,"C++, Postman, Rust, MariaDB, Swift, Google Cloud, Angular",45.0,80000.0,7,No,18/05/2025
1,38,Masculino,16,Principal,Grado Universitario,Híbrido (Madrid),Sí,C++,PyTorch,Firebase,"C++, React, InfluxDB, C#, ASP.NET, Firebase, PyTorch",45.0,86600.0,10,No,18/05/2025
2,64,Masculino,21,Principal,Grado Universitario,Híbrido (Madrid),Sí,Kotlin,TensorFlow,Redis,"SQL Server, TensorFlow, Rust, Google Cloud, Redis, BigQuery, Kotlin, Elasticsearch, Prometheus",42.5,95500.0,6,No,18/05/2025
2,45,Masculino,20,Principal,Bootcamp,Remoto (Europa),Sí,Python,FastAPI,Elasticsearch,"Jira, Pandas, Postman, Next.js, Rust, Kotlin, Cassandra, Python, Elasticsearch, FastAPI",42.5,109300.0,7,Sí,18/05/2025
3,46,Masculino,18,Principal,Grado Superior,Sevilla,No,C#,Next.js,Couchbase,"C++, Postman, Next.js, Couchbase, Swift, Google Cloud, Cassandra, C#",35.0,95500.0,10,Sí,18/05/2025
5,54,Masculino,8,Lead,Bootcamp,Sevilla,No,Ruby,ASP.NET,Snowflake,"Confluence, PHP, Pandas, Snowflake, Flask, Ruby, MySQL, Docker, Google Cloud, ASP.NET, Go, Python, Terraform",37.5,61900.0,6,No,18/05/2025
3,39,Masculino,0,Junior,Grado Universitario,Madrid,No,C#,TensorFlow,Neo4j,"Jira, SQLite, TensorFlow, Neo4j, MongoDB, Swift, Git, Docker, Cassandra, Express.js, C#, FastAPI",40.0,25000.0,6,No,18/05/2025
1,29,Prefiero no decirlo,4,Senior,Máster,Barcelona,No,PHP,Angular,InfluxDB,"Flutter, SQL Server, PHP, InfluxDB, Oracle, Redis, Azure, Angular",35.0,50100.0,4,No,18/05/2025
2,22,Masculino,0,Junior,Grado Universitario,Zaragoza,No,Python,PyTorch,Elasticsearch,"Flutter, PHP, Ruby on Rails, R, Python, Elasticsearch, PyTorch",35.0,25000.0,4,Sí,18/05/2025
3,62,Masculino,6,Senior,Doctorado,Zaragoza,No,C#,TensorFlow,Snowflake,"Express.js, TensorFlow, Vue.js, Ruby, Django, Rust, JavaScript, Snowflake, C#",37.5,43000.0,7,Sí,18/05/2025
3,34,Masculino,9,Lead,Autodidacta,Híbrido (Barcelona),Sí,Kotlin,FastAPI,Snowflake,"Oracle, TensorFlow, Java, Couchbase, MariaDB, ASP.NET, Kotlin, Ruby on Rails, R, Snowflake, PyTorch, FastAPI",50.0,68200.0,8,No,18/05/2025
5,33,Masculino,11,Lead,Grado Universitario,Bilbao,No,JavaScript,Angular,Oracle,"Flutter, Kubernetes, Oracle, PHP, Pandas, Neo4j, PostgreSQL, GitHub Actions, Django, Swift, ELK Stack, Git, TypeScript, JavaScript, Python, FastAPI, Angular, Ruby on Rails",42.5,66900.0,7,No,18/05/2025
6,50,Masculino,4,Senior,Grado Universitario,Híbrido (Barcelona),Sí,Dart,Angular,Redis,"Kubernetes, Dart, AWS, Prometheus, Ruby, Django, Couchbase, Google Cloud, Redis, TypeScript, Express.js, Terraform, PyTorch, Angular",42.5,52600.0,6,No,18/05/2025
1,51,No binario,16,Principal,Bootcamp,Murcia,No,Scala,Laravel,Snowflake,"Confluence, PHP, Scala, Django, Laravel, JavaScript, R, Snowflake, Firebase",40.0,98000.0,6,No,18/05/2025
6,28,Femenino,6,Senior,Autodidacta,Bilbao,No,C#,FastAPI,Firebase,"SQL Server, PHP, Kubernetes, DynamoDB, GitHub Actions, C#, Ansible, Jenkins, Swift, Google Cloud, Firebase, FastAPI, Prometheus",42.5,43400.0,6,Sí,18/05/2025
3,32,Masculino,10,Lead,Grado Superior,Alicante,No,C++,Flutter,BigQuery,"C++, Flutter, PHP, React, GitHub Actions, Google Cloud, BigQuery, Azure",40.0,62000.0,4,No,18/05/2025
5,26,Femenino,4,Senior,Bootcamp,Híbrido (Madrid),Sí,JavaScript,Spring Boot,Snowflake,"Confluence, SQL Server, Kubernetes, Ruby, Spring Boot, Grafana, Ansible, Jenkins, BigQuery, Kotlin, JavaScript, Snowflake",40.0,50300.0,8,No,18/05/2025
5,37,Femenino,15,Principal,Bootcamp,Remoto (España),Sí,R,Express.js,Elasticsearch,"Dart, Vue.js, Grafana, MariaDB, ELK Stack, Git, Laravel, Azure, R, Express.js, Terraform, Elasticsearch, FastAPI, Angular",37.5,90900.0,9,No,18/05/2025
2,27,No binario,5,Senior,Autodidacta,Híbrido (Madrid),Sí,Java,TensorFlow,InfluxDB,"SQL Server, InfluxDB, TensorFlow, PostgreSQL, Java, Ansible, Django, Docker, BigQuery",35.0,54200.0,6,No,18/05/2025
3,22,Masculino,0,Junior,Bootcamp,Remoto (Europa),Sí,Swift,Ruby on Rails,PostgreSQL,"Jira, Pandas, PostgreSQL, Scala, Django, Rust, Couchbase, Swift, Docker, Ansible, ASP.NET, Ruby on Rails, Elasticsearch, PyTorch",40.0,23100.0,6,No,18/05/2025
3,55,Masculino,4,Senior,Grado Universitario,Remoto (España),Sí,PHP,Pandas,Neo4j,"PHP, Pandas, Vue.js, Neo4j, AWS, Scala, Laravel, Azure, Elasticsearch, FastAPI",40.0,53100.0,7,Sí,18/05/2025
4,55,Masculino,24,Principal,Bootcamp,Barcelona,No,TypeScript,Ruby on Rails,MySQL,"Symfony, Dart, Pandas, MySQL, Laravel, Go, TypeScript, Ruby on Rails, R, Express.js",60.0,105200.0,8,No,18/05/2025
6,47,Masculino,1,Junior,Grado Superior,Remoto (España),Sí,PHP,Laravel,DynamoDB,"Jira, PHP, AWS, DynamoDB, Ruby, Rust, Jenkins, ELK Stack, Git, Laravel, TypeScript, C#",40.0,26700.0,5,Sí,18/05/2025
3,38,Masculino,16,Principal,Grado Superior,Sevilla,No,Java,Spring Boot,InfluxDB,"InfluxDB, Java, Spring Boot, MySQL, Snowflake, Firebase",40.0,85700.0,7,No,18/05/2025
5,56,Masculino,6,Senior,Grado Superior,Zaragoza,No,PHP,Express.js,DynamoDB,"PHP, Postman, DynamoDB, Jenkins, ELK Stack, Docker, BigQuery, JavaScript, Express.js, C#, PyTorch",40.0,48500.0,6,Sí,18/05/2025
3,45,Masculino,4,Senior,Grado Universitario,Alicante,No,Swift,Flask,Firebase,"Oracle, Flask, PostgreSQL, MySQL, Swift, Express.js, Firebase",50.0,52800.0,5,Sí,18/05/2025
6,59,Masculino,25,Principal,Grado Superior,Barcelona,No,C++,PyTorch,Cassandra,"C++, Symfony, Jira, InfluxDB, Pandas, Kubernetes, Grafana, Jenkins, Azure, Redis, BigQuery, Laravel, Cassandra, JavaScript, R, PyTorch",37.5,123300.0,8,No,18/05/2025
2,64,Masculino,21,Principal,Máster,Las Palmas,No,Go,Express.js,MariaDB,"PHP, Vue.js, Grafana, Couchbase, MongoDB, MariaDB, ASP.NET, Kotlin, Go, Azure, Express.js, C#, Angular",60.0,107000.0,7,Sí,18/05/2025
1,55,Femenino,7,Senior,Bootcamp,Híbrido (Barcelona),Sí,PHP,ASP.NET,MongoDB,"Symfony, PHP, React, TensorFlow, PostgreSQL, Java, Django, MongoDB, ASP.NET, TypeScript, Go",40.0,43200.0,8,No,18/05/2025
1,61,Masculino,20,Principal,Grado Universitario,Híbrido (Madrid),Sí,Java,Ruby on Rails,Snowflake,"PHP, Vue.js, Java, Spring Boot, Git, Laravel, Go, TypeScript, Ruby on Rails, Snowflake, FastAPI",55.0,98100.0,7,No,18/05/2025
5,23,Masculino,1,Junior,Grado Universitario,Híbrido (Barcelona),Sí,Scala,Ruby on Rails,Neo4j,"Jira, Symfony, Kubernetes, SonarQube, Vue.js, Neo4j, Next.js, Scala, Swift, Git, Ruby on Rails, Angular",40.0,22600.0,5,Sí,18/05/2025
2,40,Masculino,18,Principal,Grado Superior,Murcia,No,Rust,ASP.NET,InfluxDB,"Symfony, InfluxDB, Vue.js, Scala, Ansible, Rust, Jenkins, ASP.NET, Laravel, JavaScript, Express.js, Angular",37.5,93400.0,6,Sí,18/05/2025
6,36,Masculino,3,Semisenior,Doctorado,Bilbao,No,Python,FastAPI,SQLite,"SQLite, Symfony, AWS, Scala, Django, Spring Boot, GitHub Actions, Jenkins, Grafana, Python, C#, FastAPI, Prometheus",40.0,34200.0,6,No,18/05/2025
2,55,Masculino,20,Principal,Máster,Alicante,No,Java,PyTorch,DynamoDB,"C++, Flutter, SQLite, Pandas, DynamoDB, Java, MariaDB, PyTorch",40.0,112500.0,7,No,18/05/2025
6,24,Femenino,2,Semisenior,Grado Universitario,Remoto (España),Sí,Java,Pandas,DynamoDB,"Dart, Pandas, DynamoDB, Java, MongoDB, Google Cloud, Docker, Jenkins, Git, Azure, Firebase",40.0,29400.0,1,Sí,18/05/2025
1,46,Femenino,5,Senior,Grado Universitario,Híbrido (Madrid),Sí,Swift,React,InfluxDB,"SQLite, React, InfluxDB, Express.js, TensorFlow, Java, Swift, Laravel, Cassandra, Go, Python, Terraform, C#",40.0,49500.0,5,No,18/05/2025
2,54,Femenino,11,Lead,Grado Superior,Remoto (España),Sí,Rust,Django,BigQuery,"C++, React, Oracle, Vue.js, TensorFlow, Ruby, GitHub Actions, Django, Rust, MariaDB, ELK Stack, BigQuery, ASP.NET, Go",40.0,72900.0,6,No,18/05/2025
2,57,Femenino,3,Semisenior,Máster,Murcia,No,Ruby,Next.js,SQLite,"SQLite, React, AWS, Next.js, Ruby, Swift, Terraform, C#, FastAPI",45.0,37000.0,7,Sí,18/05/2025
5,48,Femenino,16,Principal,Grado Superior,Remoto,Sí,Java,Express.js,Cassandra,"Confluence, Symfony, Kubernetes, Dart, React, Neo4j, Java, GitHub Actions, MySQL, Laravel, Cassandra, Express.js, Python",42.5,102000.0,8,Sí,18/05/2025
6,47,Femenino,8,Lead,Doctorado,Híbrido (Barcelona),Sí,Rust,Vue.js,Cassandra,"Confluence, Oracle, SonarQube, Vue.js, Scala, Django, Rust, MariaDB, Google Cloud, Cassandra, Azure, Prometheus",40.0,55800.0,7,Sí,18/05/2025
2,38,Femenino,10,Lead,Bootcamp,Remoto,Sí,Kotlin,Ruby on Rails,SQLite,"SQLite, Flask, Scala, Redis, Laravel, Kotlin, Ruby on Rails, Express.js, Elasticsearch, PyTorch, FastAPI",42.5,71900.0,8,No,18/05/2025
4,37,Femenino,11,Lead,Grado Universitario,Alicante,No,Dart,Vue.js,Oracle,"Flutter, Oracle, Dart, Vue.js, TensorFlow, AWS, PostgreSQL, Spring Boot, Ansible, Docker, Azure",42.5,66600.0,7,No,18/05/2025
2,52,Masculino,9,Lead,Grado Universitario,Bilbao,No,C++,React,Snowflake,"C++, SQLite, React, Express.js, Pandas, GitHub Actions, MongoDB, Laravel, Snowflake, Python, PyTorch, Prometheus",40.0,64600.0,6,Sí,18/05/2025
6,25,Masculino,3,Semisenior,Grado Superior,Murcia,No,R,Pandas,InfluxDB,"Flutter, InfluxDB, Pandas, AWS, Flask, GitHub Actions, Rust, Jenkins, Git, ELK Stack, Docker, Cassandra, R, FastAPI",40.0,35500.0,5,Sí,18/05/2025
3,23,Femenino,1,Junior,Doctorado,Valencia,No,Rust,Django,SQL Server,"SQL Server, InfluxDB, TensorFlow, Neo4j, Ruby, Spring Boot, Django, Rust, Ansible, BigQuery, Kotlin, Terraform",37.5,24200.0,7,No,18/05/2025
2,28,Masculino,6,Senior,Doctorado,Málaga,No,JavaScript,React,Cassandra,"SQLite, PHP, React, Vue.js, DynamoDB, Next.js, Ruby, Couchbase, Git, Cassandra, JavaScript, Terraform, C#, FastAPI",37.5,45300.0,6,No,18/05/2025
2,49,Masculino,12,Staff,Grado Superior,Madrid,No,Swift,Vue.js,SQL Server,"SQL Server, InfluxDB, Vue.js, Flask, Ansible, Couchbase, Swift, Docker, Cassandra",40.0,76500.0,6,No,18/05/2025
6,41,Masculino,11,Lead,Grado Universitario,Madrid,No,JavaScript,Next.js,Elasticsearch,"Kubernetes, AWS, Next.js, GitHub Actions, Swift, Google Cloud, Azure, JavaScript, Elasticsearch, Prometheus",50.0,72300.0,7,No,18/05/2025
4,37,Masculino,3,Semisenior,Máster,Las Palmas,No,JavaScript,FastAPI,MySQL,"Jira, Symfony, React, Postman, Spring Boot, MySQL, ELK Stack, BigQuery, JavaScript, R, Express.js, FastAPI",37.5,31400.0,6,Sí,18/05/2025
5,57,Femenino,21,Principal,Máster,Híbrido (Madrid),Sí,R,ASP.NET,DynamoDB,"Jira, DynamoDB, Grafana, Google Cloud, Docker, ASP.NET, Go, TypeScript, R, C#",37.5,93200.0,9,No,18/05/2025
1,32,Masculino,6,Senior,Autodidacta,Madrid,No,Dart,ASP.NET,MySQL,"Kubernetes, Dart, Django, MySQL, BigQuery, Laravel, ASP.NET, Python",55.0,48000.0,7,No,18/05/2025
5,26,Masculino,4,Senior,Grado Universitario,Las Palmas,No,Scala,Express.js,SQL Server,"C++, Flutter, SQL Server, PHP, InfluxDB, Jira, Scala, Couchbase, Jenkins, ASP.NET, Cassandra, Express.js, Prometheus",50.0,44100.0,7,No,18/05/2025
2,33,Masculino,8,Lead,Grado Superior,Valencia,No,Dart,Symfony,SQLite,"SQLite, Symfony, PHP, Dart, TensorFlow, SonarQube, Jenkins, Ruby on Rails, PyTorch",42.5,62000.0,6,No,18/05/2025
4,40,Femenino,18,Principal,Grado Universitario,Híbrido (Barcelona),Sí,Swift,Spring Boot,SQL Server,"SQL Server, React, Postman, TensorFlow, Spring Boot, Django, Couchbase, GitHub Actions, Swift, Azure, ASP.NET, Ruby on Rails, Prometheus",40.0,108600.0,10,No,18/05/2025
6,64,Masculino,10,Lead,Grado Superior,Las Palmas,No,Scala,ASP.NET,Oracle,"C++, Kubernetes, PHP, Oracle, React, InfluxDB, Postman, Scala, MongoDB, Google Cloud, ASP.NET, Azure",42.5,68800.0,7,No,18/05/2025
4,60,Masculino,24,Principal,Grado Universitario,Remoto,Sí,Python,Vue.js,MariaDB,"InfluxDB, SonarQube, Vue.js, TensorFlow, Java, Couchbase, Jenkins, MariaDB, Kotlin, Python, Terraform",40.0,98600.0,9,No,18/05/2025
2,57,Femenino,10,Lead,Máster,Madrid,No,R,Flutter,SQL Server,"Flutter, C++, SQL Server, React, Kotlin, R, FastAPI",40.0,67400.0,7,No,18/05/2025
1,43,Masculino,7,Senior,Máster,Valencia,No,PHP,Flask,Elasticsearch,"Dart, PHP, Flask, Rust, MySQL, Redis, Go, Terraform, Elasticsearch",37.5,50600.0,7,No,18/05/2025
2,37,Femenino,7,Senior,Máster,Híbrido (Madrid),Sí,Python,FastAPI,Neo4j,"Confluence, SQLite, PHP, Neo4j, Docker, Ruby on Rails, R, Python, Elasticsearch, FastAPI",37.5,53100.0,8,Sí,18/05/2025
3,33,Femenino,3,Semisenior,Grado Universitario,Murcia,No,Java,Angular,Oracle,"Oracle, Pandas, Next.js, PostgreSQL, Java, MariaDB, ELK Stack, Git, ASP.NET, Laravel, JavaScript, Express.js, Terraform, Angular",42.5,31900.0,4,Sí,18/05/2025
1,42,Masculino,20,Principal,Grado Universitario,Las Palmas,No,Ruby,Angular,SQL Server,"SQL Server, PHP, Pandas, Ruby, Java, Django, Spring Boot, MySQL, Angular",40.0,95800.0,7,Sí,18/05/2025
2,40,Femenino,12,Staff,Grado Universitario,Híbrido (Madrid),Sí,Dart,TensorFlow,SQL Server,"SQL Server, Dart, TensorFlow, Swift, Redis, Cassandra",40.0,76200.0,10,No,18/05/2025
